#ZK#Z67					
#QY#1	1.75	0.20		1.95	2.72	26.5	30.5	18.3																			
#SX# 					
#GJ#常规	20						0.27	6.54									0.765	0.743	0.723	0.696		0.667																			
#GY#																						
%GJ%1	50	0.2493
%GJ%2	100	0.4759
%GJ%3	200	0.7819
%GJ%4	400	1.1105
#KF#试验方法																															
#ZJ#快剪				14.76	31.2		
#QY#2	3.75	0.20		1.88	2.72	34.1	32.5	18.6																			
#SX# 					
#GJ#常规	20						0.55	3.53									0.940	0.866	0.825	0.770		0.717																			
#GY#																						
%GJ%1	50	0.7629
%GJ%2	100	1.1856
%GJ%3	200	1.7526
%GJ%4	400	2.2990
#KF#试验方法																															
#ZJ#快剪				14.27	15.6		
#QY#3	9.75	0.20		1.94	2.71	24.8	27.6	18.2																			
#SX# 					
#GJ#常规	20						0.22	7.92									0.743	0.719	0.699	0.677		0.650																			
#GY#																						
%GJ%1	50	0.2754
%GJ%2	100	0.5049
%GJ%3	200	0.7573
%GJ%4	400	1.0671
#KF#试验方法																13.4	73.2	93.1		6.9	.007		.015		.028			.064	6.9	4.00	1.15
#ZJ#快剪				25.96	13.7		
#QY#4	27.75	0.20		1.77	2.75	40.9	40.0	20.2																			
#SX# 					
#GJ#常规	20						1.02	2.15									1.189	1.075	0.997	0.895		0.738																			
#GY#																						
%GJ%1	50	1.0416
%GJ%2	100	1.7542
%GJ%3	200	2.6862
%GJ%4	400	4.1206
#KF#试验方法																															
#ZJ#快剪				9.00	12.2		
#QY#5	35.75	0.20		1.73	2.76	42.3	43.2	22.2																			
#SX# 					
#GJ#常规	20						0.74	3.07									1.270	1.185	1.129	1.055		0.959																			
#GY#																						
%GJ%1	50	0.7489
%GJ%2	100	1.2423
%GJ%3	200	1.8943
%GJ%4	400	2.7401
#KF#试验方法																															
#ZJ#快剪				11.46	18.9		
#QY#6	39.75	0.20		2.01	2.71	25.1	28.5	19.4																			
#SX# 					
#GJ#常规	20						0.12	14.06									0.687	0.675	0.666	0.654		0.639																			
#GY#																						
%GJ%1	50	0.1423
%GJ%2	100	0.2490
%GJ%3	200	0.3912
%GJ%4	400	0.5691
#KF#试验方法																															
#ZJ#快剪				27.01	12.9		
#QY#7	49.75	0.20		2.04	2.69	20.4																					
#SX# 					
#GJ#常规	20						0.09	17.64									0.588	0.581	0.575	0.566		0.549																			
#GY#0.06	28.87			0.02	74.73													0.527			0.510	
%GJ%1	50	0.0882
%GJ%2	100	0.1637
%GJ%3	200	0.2771
%GJ%4	400	0.4912
%GJ%5	800	0.7683
%GJ%6	1600	0.9824
#KF#试验方法														51	51	49		49			0.002		0.014		0.096			0.222		39.83	0.85
#ZJ#快剪							
#QY#8	59.75	0.20		1.98	2.72	24.3	26.2	13.8																			
#SX# 					
#GJ#常规	20						0.27	6.33									0.708	0.674	0.652	0.625		0.592																			
#GY#0.08	20.09			0.06	30.36													0.558			0.513	
%GJ%1	50	0.3981
%GJ%2	100	0.6557
%GJ%3	200	0.9719
%GJ%4	400	1.3583
%GJ%5	800	1.7564
%GJ%6	1600	2.2834
#KF#试验方法																															
#ZJ#快剪				13.63	28.4		
#QY#9	67.75	0.20																									
#SX# 					
#GJ#常规	20																																								
#GY#																						
#KF#试验方法									1.5		4.6	4.2		74.1	74.1	15.6		15.6			0.016		0.094		0.153			0.686		9.68	3.63
#ZJ#快剪							
#QY#10	71.75	0.20		1.86	2.73	32.9	35.6	20.5																			
#SX# 					
#GJ#常规	20						0.40	4.88									0.951	0.912	0.887	0.847		0.789																			
#GY#0.18	11.15			0.12	16.78	0.06	30.91											0.719			0.626	0.525
%GJ%1	50	0.3998
%GJ%2	100	0.6561
%GJ%3	200	1.0661
%GJ%4	400	1.6607
%GJ%5	800	2.3783
%GJ%6	1600	3.3316
%GJ%7	3200	4.3670
#KF#试验方法																															
#ZJ#快剪				12.10	26.4		
#ZK#Z66					
#QY#1	1.15	0.30		1.89	2.72	27.5	33.3	19.3																			
#SX# 					
#GJ#常规	20						0.27	6.80									0.835	0.815	0.796	0.769		0.733																			
#GY#																						
%GJ%1	50	0.2180
%GJ%2	100	0.4251
%GJ%3	200	0.7193
%GJ%4	400	1.1117
#KF#试验方法																															
#ZJ#快剪				15.00	35.0		
#QY#2	2.65	0.30		1.88	2.73	33.6	34.6	19.6																			
#SX# 					
#GJ#常规	20						0.40	4.85									0.940	0.889	0.860	0.820		0.780																			
#GY#																						
%GJ%1	50	0.5258
%GJ%2	100	0.8247
%GJ%3	200	1.2371
%GJ%4	400	1.6495
#KF#试验方法																															
#ZJ#快剪				13.04	25.2		
#QY#3	6.75	0.20		1.97	2.71	26.6	28.6	19.6																			
#SX# 					
#GJ#常规	20						0.16	10.89									0.742	0.724	0.713	0.697		0.677																			
#GY#																						
%GJ%1	50	0.2067
%GJ%2	100	0.3330
%GJ%3	200	0.5166
%GJ%4	400	0.7463
#KF#试验方法																12	76.4	94.3		5.7	.009		.015		.028			.063	5.7	3.11	0.89
#ZJ#快剪				25.22	13.1		
#QY#4	16.75	0.20		1.88	2.71	34.3	36.6	27.5																			
#SX# 					
#GJ#常规	20						0.26	7.45									0.936	0.899	0.879	0.853		0.820																			
#GY#																						
%GJ%1	50	0.3822
%GJ%2	100	0.5888
%GJ%3	200	0.8574
%GJ%4	400	1.1983
#KF#试验方法																8	80.6	93.8		6.2	.009		.015		.027			.058	6.2	3.00	0.93
#ZJ#快剪				26.40	14.3		
#QY#5	22.75	0.20		1.83	2.73	35.3	33.6	19.3																			
#SX# 					
#GJ#常规	20						0.51	3.96									1.018	0.951	0.912	0.861		0.801																			
#GY#																						
%GJ%1	50	0.6640
%GJ%2	100	1.0505
%GJ%3	200	1.5560
%GJ%4	400	2.1506
#KF#试验方法																															
#ZJ#快剪				13.76	15.5		
#QY#6	36.75	0.20		1.80	2.73	38.4	36.6	20.7																			
#SX# 					
#GJ#常规	20						0.69	3.04									1.099	1.034	0.977	0.908		0.826																			
#GY#																						
%GJ%1	50	0.6193
%GJ%2	100	1.1625
%GJ%3	200	1.8199
%GJ%4	400	2.6012
#KF#试验方法																															
#ZJ#快剪				11.96	14.3		
#QY#7	38.65	0.30		1.93	2.73	30.9	35.6	20.6																			
#SX# 					
#GJ#常规	20						0.31	5.97									0.852	0.813	0.782	0.751		0.704																			
#GY#																						
%GJ%1	50	0.4212
%GJ%2	100	0.7559
%GJ%3	200	1.0907
%GJ%4	400	1.5983
#KF#试验方法																															
#ZJ#快剪				15.78	36.5		
#QY#8	42.75	0.20		2.03	2.71	23.4	27.8	18.7																			
#SX# 					
#GJ#常规	20						0.15	10.98									0.647	0.635	0.627	0.612		0.593																			
#GY#0.05	34.67			0.04	45.43													0.574			0.545	
%GJ%1	50	0.1457
%GJ%2	100	0.2429
%GJ%3	200	0.4250
%GJ%4	400	0.6557
%GJ%5	800	0.8865
%GJ%6	1600	1.2386
#KF#试验方法																															
#ZJ#快剪				26.42	13.7		
#QY#9	60.75	0.20		2.00	2.72	23.1	25.5	13.3																			
#SX# 					
#GJ#常规	20						0.25	6.70									0.674	0.652	0.634	0.609		0.578																			
#GY#0.07	22.32			0.06	29.76	0.04	38.26											0.548			0.503	0.433
%GJ%1	50	0.2628
%GJ%2	100	0.4779
%GJ%3	200	0.7766
%GJ%4	400	1.1470
%GJ%5	800	1.5054
%GJ%6	1600	2.0430
%GJ%7	3200	2.8793
#KF#试验方法														17.2	17.2	82.8		82.8			0.002		0.005		0.023			0.175		13.53	0.59
#ZJ#快剪				14.05	28.2		
#QY#10	72.65	0.30		1.84	2.76	39.6	43.3	22.1																			
#SX# 					
#GJ#常规	20						0.35	5.98									1.094	1.052	1.010	0.975		0.922																			
#GY#0.15	13.96			0.12	17.82	0.08	25.77											0.862			0.768	0.638
%GJ%1	50	0.4011
%GJ%2	100	0.8023
%GJ%3	200	1.1366
%GJ%4	400	1.6428
%GJ%5	800	2.2159
%GJ%6	1600	3.1137
%GJ%7	3200	4.3553
#KF#试验方法																															
#ZJ#快剪				14.14	31.1		
#QY#R1	49.1	0.30	1																								
#SX# 					
#GJ#常规	20																																								
#GY#																						
#KF#试验方法									1.2		5.2	5.4		67.3	67.3	20.9		20.9			0.008		0.088		0.150			0.716		18.91	6.48
#ZJ#快剪							
#QY#R2	67.1	0.30	1																								
#SX# 					
#GJ#常规	20																																								
#GY#																						
#KF#试验方法											5.8	16.4		59.6	59.6	18.2		18.2			0.011		0.094		0.173			0.600		16.20	4.77
#ZJ#快剪							
#ZK#Z62					
#QY#1	1.15	0.30		1.89	2.72	31.0	33.5	19.5																			
#SX# 					
#GJ#常规	20						0.45	4.19									0.885	0.841	0.813	0.768		0.716																			
#GY#																						
%GJ%1	50	0.4668
%GJ%2	100	0.7639
%GJ%3	200	1.2414
%GJ%4	400	1.7931
#KF#试验方法																															
#ZJ#快剪				13.33	24.0		
#QY#2	3.15	0.30		1.83	2.73	35.3	34.9	20.0																			
#SX# 					
#GJ#常规	20						0.60	3.36									1.018	0.965	0.926	0.866		0.796																			
#GY#																						
%GJ%1	50	0.5253
%GJ%2	100	0.9118
%GJ%3	200	1.5064
%GJ%4	400	2.2002
#KF#试验方法																															
#ZJ#快剪				13.73	17.6		
#QY#3	8.75	0.20		1.96	2.71	28.7	31.5	22.1																			
#SX# 					
#GJ#常规	20						0.16	11.12									0.779	0.759	0.747	0.731		0.711																			
#GY#																						
%GJ%1	50	0.2248
%GJ%2	100	0.3598
%GJ%3	200	0.5396
%GJ%4	400	0.7645
#KF#试验方法																8.7	79.7	94.8		5.2	.009		.015		.027			.059	5.2	3.00	0.93
#ZJ#快剪				26.77	13.7		
#QY#4	16.75	0.20		1.91	2.71	26.6	30.3	21.0																			
#SX# 					
#GJ#常规	20						0.14	12.83									0.796	0.785	0.778	0.764		0.746																			
#GY#																						
%GJ%1	50	0.1225
%GJ%2	100	0.2004
%GJ%3	200	0.3563
%GJ%4	400	0.5568
#KF#试验方法																8.7	79.9	95.1		4.9	.009		.015		.027			.059	4.9	3.00	0.93
#ZJ#快剪				26.74	12.7		
#QY#5	24.75	0.20		1.72	2.73	45.5	36.6	20.8																			
#SX# 					
#GJ#常规	20						0.92	2.51									1.309	1.235	1.174	1.082		0.972																			
#GY#																						
%GJ%1	50	0.6410
%GJ%2	100	1.1693
%GJ%3	200	1.9662
%GJ%4	400	2.9190
#KF#试验方法																															
#ZJ#快剪				10.56	13.5		
#QY#6	34.75	0.20		1.78	2.76	45.7	47.5	24.1																			
#SX# 					
#GJ#常规	20						0.69	3.27									1.259	1.209	1.172	1.103		1.017																			
#GY#																						
%GJ%1	50	0.4427
%GJ%2	100	0.7703
%GJ%3	200	1.3811
%GJ%4	400	2.1425
#KF#试验方法																															
#ZJ#快剪				11.03	19.6		
#QY#7	40.75	0.20		2.02	2.71	23.0	29.6	20.3																			
#SX# 					
#GJ#常规	20						0.12	13.75									0.650	0.641	0.634	0.622		0.602																			
#GY#																						
%GJ%1	50	0.1091
%GJ%2	100	0.1939
%GJ%3	200	0.3394
%GJ%4	400	0.5818
#KF#试验方法																															
#ZJ#快剪				26.23	13.3		
#QY#8	58.75	0.20		2.01	2.72	25.9	27.5	16.6																			
#SX# 					
#GJ#常规	20						0.31	5.50									0.704	0.680	0.658	0.627		0.580																			
#GY#0.18	9.47			0.11	15.32													0.508			0.419	
%GJ%1	50	0.2817
%GJ%2	100	0.5399
%GJ%3	200	0.9038
%GJ%4	400	1.4554
%GJ%5	800	2.3005
%GJ%6	1600	3.3451
#KF#试验方法														38.1	38.1	61.9		61.9			0.002		0.008		0.066			0.213		32.76	0.50
#ZJ#快剪				16.49	24.3		
#QY#9	70.75	0.20		1.86	2.74	36.5	39.6	21.5																			
#SX# 					
#GJ#常规	20						0.31	6.49									1.011	0.971	0.952	0.921		0.881																			
#GY#0.16	12.97			0.12	16.76	0.07	27.74											0.819			0.723	0.607
%GJ%1	50	0.3978
%GJ%2	100	0.5868
%GJ%3	200	0.8951
%GJ%4	400	1.2929
%GJ%5	800	1.9095
%GJ%6	1600	2.8642
%GJ%7	3200	4.0179
#KF#试验方法																															
#ZJ#快剪				12.97	34.1		
#QY#R1	52.75	0.20	1																								
#SX# 					
#GJ#常规	20																																								
#GY#																						
#KF#试验方法											5.4	16.2		59.9	59.9	18.5		18.5			0.010		0.094		0.172			0.558		16.61	4.93
#ZJ#快剪							
#QY#R2	66.75	0.20	1																								
#SX# 					
#GJ#常规	20																																								
#GY#																						
#KF#试验方法									1.7		4	4.8		69	69	20.5		20.5			0.008		0.088		0.148			0.626		18.02	6.34
#ZJ#快剪							
#ZK#Z25					
#QY#1	1.1	0.30		1.91	2.72	27.6	31.5	18.4																			
#SX# 					
#GJ#常规	20						0.26	6.99									0.817	0.794	0.778	0.752		0.719																			
#GY#																						
%GJ%1	50	0.2532
%GJ%2	100	0.4293
%GJ%3	200	0.7155
%GJ%4	400	1.0787
#KF#试验方法																															
#ZJ#快剪				15.43	32.7		
#QY#2	3.1	0.30		1.86	2.73	34.0	36.6	20.5																			
#SX# 					
#GJ#常规	20						0.45	4.37									0.967	0.919	0.893	0.848		0.798																			
#GY#																						
%GJ%1	50	0.4881
%GJ%2	100	0.7524
%GJ%3	200	1.2100
%GJ%4	400	1.7184
#KF#试验方法																															
#ZJ#快剪				14.86	23.2		
#QY#3	10.6	0.30		1.94	2.71	29.3	32.2	22.7																			
#SX# 					
#GJ#常规	20						0.13	13.89									0.806	0.794	0.784	0.771		0.754																			
#GY#																						
%GJ%1	50	0.1329
%GJ%2	100	0.2436
%GJ%3	200	0.3876
%GJ%4	400	0.5759
#KF#试验方法																9.3	77.2	93.3		6.7	.008		.015		.027			.06	6.7	3.38	1.04
#ZJ#快剪				26.82	13.0		
#QY#4	22.7	0.20		1.73	2.73	45.9	37.7	21.5																			
#SX# 					
#GJ#常规	20						0.91	2.53									1.302	1.212	1.137	1.046		0.943																			
#GY#																						
%GJ%1	50	0.7819
%GJ%2	100	1.4335
%GJ%3	200	2.2242
%GJ%4	400	3.1190
#KF#试验方法																															
#ZJ#快剪				10.64	13.8		
#QY#5	32.7	0.20		1.81	2.73	37.2	34.6	19.3																			
#SX# 					
#GJ#常规	20						0.64	3.23									1.069	1.000	0.950	0.886		0.810																			
#GY#																						
%GJ%1	50	0.6670
%GJ%2	100	1.1503
%GJ%3	200	1.7690
%GJ%4	400	2.5036
#KF#试验方法																															
#ZJ#快剪				12.48	16.9		
#QY#6	40.7	0.20		2.01	2.72	21.4	27.6	15.4																			
#SX# 					
#GJ#常规	20						0.23	7.14									0.643	0.630	0.617	0.594		0.563																			
#GY#																						
%GJ%1	50	0.1582
%GJ%2	100	0.3165
%GJ%3	200	0.5965
%GJ%4	400	0.9738
#KF#试验方法																															
#ZJ#快剪				17.22	46.8		
#QY#7	44.7	0.20		1.93	2.71	26.0	29.6	20.3																			
#SX# 					
#GJ#常规	20						0.11	16.08									0.769	0.761	0.754	0.743		0.727																			
#GY#0.04	44.23			0.03	54.43													0.711			0.685	
%GJ%1	50	0.0904
%GJ%2	100	0.1696
%GJ%3	200	0.2940
%GJ%4	400	0.4748
%GJ%5	800	0.6557
%GJ%6	1600	0.9497
#KF#试验方法																															
#ZJ#快剪				26.06	14.1		
#QY#8	48.7	0.20		2.00	2.71	22.7	26.6	17.3																			
#SX# 					
#GJ#常规	20						0.10	16.63									0.663	0.652	0.645	0.635		0.622																			
#GY#0.04	44.35			0.03	66.52													0.607			0.587	
%GJ%1	50	0.1323
%GJ%2	100	0.2165
%GJ%3	200	0.3367
%GJ%4	400	0.4931
%GJ%5	800	0.6735
%GJ%6	1600	0.9140
#KF#试验方法																															
#ZJ#快剪				26.60	12.4		
#QY#9	54.7	0.20																									
#SX# 					
#GJ#常规	20																																								
#GY#																						
#KF#试验方法											4.4	15.6		60.5	60.5	19.5		19.5			0.009		0.092		0.167			0.485		18.23	5.50
#ZJ#快剪							
#QY#10	58.7	0.20		2.00	2.72	24.8	29.6	17.2																			
#SX# 					
#GJ#常规	20						0.27	6.29									0.697	0.660	0.640	0.613		0.579																			
#GY#0.08	20.57			0.06	30.85													0.546			0.502	
%GJ%1	50	0.4361
%GJ%2	100	0.6718
%GJ%3	200	0.9900
%GJ%4	400	1.3907
%GJ%5	800	1.7796
%GJ%6	1600	2.2982
#KF#试验方法																															
#ZJ#快剪				15.83	32.1		
#QY#11	62.7	0.20		1.93	2.72	29.3	31.5	18.4																			
#SX# 					
#GJ#常规	20						0.36	5.06									0.822	0.757	0.728	0.692		0.646																			
#GY#0.10	17.78			0.08	22.78	0.05	35.99											0.605			0.541	0.460
%GJ%1	50	0.7135
%GJ%2	100	1.0318
%GJ%3	200	1.4270
%GJ%4	400	1.9319
%GJ%5	800	2.3820
%GJ%6	1600	3.0845
%GJ%7	3200	3.9737
#KF#试验方法																															
#ZJ#快剪				14.43	30.3		
#QY#12	66.7	0.20																									
#SX# 					
#GJ#常规	20																																								
#GY#																						
#KF#试验方法									16		30.4	12.5		24.7	24.7	16.4		16.4			0.014		0.145		0.672			3.762		48.23	2.24
#ZJ#快剪							
#QY#13	70.7	0.20		1.82	2.76	39.8	42.5	21.6																			
#SX# 					
#GJ#常规	20						0.34	6.24									1.120	1.081	1.053	1.019		0.958																			
#GY#0.21	10.22			0.14	15.70	0.07	32.00											0.875			0.767	0.661
%GJ%1	50	0.3679
%GJ%2	100	0.6321
%GJ%3	200	0.9528
%GJ%4	400	1.5283
%GJ%5	800	2.3113
%GJ%6	1600	3.3302
%GJ%7	3200	4.3302
#KF#试验方法																															
#ZJ#快剪				13.98	37.1		
#ZK#Z82					
#QY#1	.6	0.30		1.92	2.72	27.0	32.2	18.5																			
#SX# 					
#GJ#常规	20						0.27	6.66									0.799	0.777	0.759	0.732		0.688																			
#GY#																						
%GJ%1	50	0.2446
%GJ%2	100	0.4447
%GJ%3	200	0.7449
%GJ%4	400	1.2340
#KF#试验方法																															
#ZJ#快剪				15.82	34.6		
#QY#2	2.1	0.30		1.87	2.73	32.7	33.6	19.3																			
#SX# 					
#GJ#常规	20						0.40	4.84									0.937	0.870	0.839	0.799		0.751																			
#GY#																						
%GJ%1	50	0.6918
%GJ%2	100	1.0119
%GJ%3	200	1.4249
%GJ%4	400	1.9205
#KF#试验方法																															
#ZJ#快剪				13.58	27.5		
#QY#3	11.7	0.20		1.86	2.71	30.0	32.8	23.3																			
#SX# 					
#GJ#常规	20						0.16	11.84									0.894	0.881	0.870	0.854		0.830																			
#GY#																						
%GJ%1	50	0.1373
%GJ%2	100	0.2534
%GJ%3	200	0.4224
%GJ%4	400	0.6758
#KF#试验方法																10.3	78.8	92.5		7.5	.008		.016		.028			.062	7.5	3.50	1.14
#ZJ#快剪				27.22	13.1		
#QY#4	27.7	0.20		1.76	2.76	44.2	42.2	21.2																			
#SX# 					
#GJ#常规	20						0.94	2.41									1.261	1.163	1.100	1.006		0.908																			
#GY#																						
%GJ%1	50	0.8669
%GJ%2	100	1.4241
%GJ%3	200	2.2556
%GJ%4	400	3.1225
#KF#试验方法																															
#ZJ#快剪				9.95	13.6		
#QY#5	35.7	0.20		1.98	2.72	24.8	28.6	16.3																			
#SX# 					
#GJ#常规	20						0.27	6.35									0.714	0.694	0.677	0.650		0.612																			
#GY#																						
%GJ%1	50	0.2334
%GJ%2	100	0.4317
%GJ%3	200	0.7468
%GJ%4	400	1.1902
#KF#试验方法																															
#ZJ#快剪				16.27	37.4		
#QY#6	39.7	0.20		1.80	2.74	40.2	39.5	21.4																			
#SX# 					
#GJ#常规	20						0.92	2.32									1.134	1.074	1.018	0.926		0.824																			
#GY#																						
%GJ%1	50	0.5623
%GJ%2	100	1.0872
%GJ%3	200	1.9494
%GJ%4	400	2.9053
#KF#试验方法																															
#ZJ#快剪				9.79	13.8		
#QY#7	43.7	0.20		1.99	2.71	22.0	25.5	15.8																			
#SX# 					
#GJ#常规	20						0.17	9.77									0.661	0.646	0.632	0.615		0.595																			
#GY#0.07	22.91			0.04	44.29													0.566			0.536	
%GJ%1	50	0.1806
%GJ%2	100	0.3492
%GJ%3	200	0.5539
%GJ%4	400	0.7947
%GJ%5	800	1.1439
%GJ%6	1600	1.5051
#KF#试验方法																															
#ZJ#快剪				26.11	14.2		
#QY#8	47.7	0.20		2.03	2.69	20.2																					
#SX# 					
#GJ#常规	20						0.15	10.62									0.593	0.554	0.542	0.527		0.509																			
#GY#0.06	25.49			0.04	45.51													0.484			0.456	
%GJ%1	50	0.4896
%GJ%2	100	0.6403
%GJ%3	200	0.8286
%GJ%4	400	1.0546
%GJ%5	800	1.3685
%GJ%6	1600	1.7200
#KF#试验方法														63	63	37		37			0.003		0.033		0.115			0.227		35.81	2.98
#ZJ#快剪							
#QY#9	61.7	0.20		1.92	2.72	29.7	31.5	18.6																			
#SX# 					
#GJ#常规	20						0.42	4.37									0.837	0.787	0.749	0.707		0.635																			
#GY#0.19	9.67			0.10	19.09	0.05	35.41											0.559			0.482	0.399
%GJ%1	50	0.5444
%GJ%2	100	0.9581
%GJ%3	200	1.4154
%GJ%4	400	2.1992
%GJ%5	800	3.0267
%GJ%6	1600	3.8650
%GJ%7	3200	4.7686
#KF#试验方法																															
#ZJ#快剪				13.38	25.2		
#QY#10	67.7	0.20		1.95	2.72	25.9	28.6	15.5																			
#SX# 					
#GJ#常规	20						0.40	4.39									0.756	0.685	0.659	0.619		0.580																			
#GY#0.12	15.27			0.07	26.51	0.05	32.29											0.534			0.481	0.394
%GJ%1	50	0.8087
%GJ%2	100	1.1048
%GJ%3	200	1.5604
%GJ%4	400	2.0046
%GJ%5	800	2.5285
%GJ%6	1600	3.1321
%GJ%7	3200	4.1230
#KF#试验方法																															
#ZJ#快剪				15.33	25.4		
#QY#11	73.7	0.20																									
#SX# 					
#GJ#常规	20																																								
#GY#																						
#KF#试验方法									2		18.4	16.2		36.3	36.3	27.1		27.1			0.005		0.082		0.223			1.599		45.41	6.16
#ZJ#快剪							
#ZK#Z45					
#QY#1	.75	0.20		2.02	2.72	24.9	28.6	16.5																			
#SX# 					
#GJ#常规	20						0.26	6.47									0.682	0.666	0.652	0.626		0.594																			
#GY#																						
%GJ%1	50	0.1902
%GJ%2	100	0.3567
%GJ%3	200	0.6659
%GJ%4	400	1.0464
#KF#试验方法																															
#ZJ#快剪				15.85	34.5		
#QY#2	2.25	0.20		1.85	2.72	31.1	33.0	22.5																			
#SX# 					
#GJ#常规	20						0.32	6.02									0.928	0.903	0.882	0.850		0.813																			
#GY#																						
%GJ%1	50	0.2593
%GJ%2	100	0.4772
%GJ%3	200	0.8091
%GJ%4	400	1.1929
#KF#试验方法																															
#ZJ#快剪				16.23	25.4		
#QY#3	13.75	0.20		1.89	2.71	27.4	30.1	20.7																			
#SX# 					
#GJ#常规	20						0.26	7.03									0.827	0.811	0.796	0.770		0.735																			
#GY#																						
%GJ%1	50	0.1752
%GJ%2	100	0.3394
%GJ%3	200	0.6240
%GJ%4	400	1.0071
#KF#试验方法																.1	86.2	93.3		6.7	.007		.014		.024			.043	6.7	3.43	1.17
#ZJ#快剪				25.61	13.7		
#QY#4	23.75	0.20		1.75	2.75	46.2	40.5	20.5																			
#SX# 					
#GJ#常规	20						0.98	2.34									1.297	1.220	1.145	1.047		0.941																			
#GY#																						
%GJ%1	50	0.6704
%GJ%2	100	1.3235
%GJ%3	200	2.1768
%GJ%4	400	3.0997
#KF#试验方法																															
#ZJ#快剪				9.47	13.2		
#QY#5	33.75	0.20		1.75	2.76	45.1	42.2	22.1																			
#SX# 					
#GJ#常规	20						0.84	2.72									1.288	1.207	1.152	1.068		0.973																			
#GY#																						
%GJ%1	50	0.7080
%GJ%2	100	1.1888
%GJ%3	200	1.9231
%GJ%4	400	2.7535
#KF#试验方法																															
#ZJ#快剪				9.34	13.1		
#QY#6	37.75	0.20		2.01	2.73	24.7	33.8	19.2																			
#SX# 					
#GJ#常规	20						0.20	8.44									0.694	0.671	0.659	0.639		0.607																			
#GY#																						
%GJ%1	50	0.2715
%GJ%2	100	0.4132
%GJ%3	200	0.6494
%GJ%4	400	1.0272
#KF#试验方法																															
#ZJ#快剪				19.75	58.3		
#QY#7	43.75	0.20		1.96	2.71	23.8	27.2	18.0																			
#SX# 					
#GJ#常规	20						0.13	13.17									0.712	0.698	0.691	0.678		0.661																			
#GY#																						
%GJ%1	50	0.1636
%GJ%2	100	0.2453
%GJ%3	200	0.3972
%GJ%4	400	0.5958
#KF#试验方法																															
#ZJ#快剪				26.46	13.5		
#QY#8	46.25	0.20		2.05	2.71	22.1	27.0	17.6																			
#SX# 					
#GJ#常规	20						0.21	7.69									0.614	0.595	0.577	0.556		0.526																			
#GY#																						
%GJ%1	50	0.2354
%GJ%2	100	0.4585
%GJ%3	200	0.7187
%GJ%4	400	1.0905
#KF#试验方法																															
#ZJ#快剪				27.50	12.6		
#QY#9	59.75	0.20		1.98	2.72	23.5	26.3	14.2																			
#SX# 					
#GJ#常规	20						0.28	6.06									0.697	0.664	0.642	0.614		0.580																			
#GY#0.11	15.79			0.07	23.01	0.04	40.53											0.537			0.478	0.411
%GJ%1	50	0.3889
%GJ%2	100	0.6482
%GJ%3	200	0.9782
%GJ%4	400	1.3789
%GJ%5	800	1.8857
%GJ%6	1600	2.5810
%GJ%7	3200	3.3707
#KF#试验方法																															
#ZJ#快剪				14.72	31.5		
#QY#10	73.75	0.20		1.90	2.73	34.0	36.8	20.5																			
#SX# 					
#GJ#常规	20						0.43	4.48									0.925	0.899	0.876	0.833		0.774																			
#GY#0.15	13.05			0.08	23.33	0.04	44.64											0.715			0.649	0.580
%GJ%1	50	0.2701
%GJ%2	100	0.5091
%GJ%3	200	0.9558
%GJ%4	400	1.5688
%GJ%5	800	2.1818
%GJ%6	1600	2.8675
%GJ%7	3200	3.5844
#KF#试验方法																															
#ZJ#快剪				13.33	24.0		
#QY#R1	51.75	0.20	1																								
#SX# 					
#GJ#常规	20																																								
#GY#																						
#KF#试验方法											.8	12		68.8	68.8	18.4		18.4			0.010		0.091		0.154			0.391		14.74	5.14
#ZJ#快剪							
#QY#R2	65.75	0.20	1																								
#SX# 					
#GJ#常规	20																																								
#GY#																						
#KF#试验方法									2.4		10	38.2		34.8	34.8	14.6		14.6			0.019		0.127		0.303			1.414		15.69	2.74
#ZJ#快剪							
#ZK#Z4					
#QY#1	1.1	0.20		1.89	2.73	34.4	38.5	22.8																			
#SX# 					
#GJ#常规	20						0.41	4.73									0.941	0.912	0.886	0.845		0.796																			
#GY#																						
%GJ%1	50	0.2988
%GJ%2	100	0.5667
%GJ%3	200	0.9892
%GJ%4	400	1.4941
#KF#试验方法																															
#ZJ#快剪				14.74	29.5		
#QY#2	3.5	0.20		1.87	2.73	32.2	34.1	19.5																			
#SX# 					
#GJ#常规	20						0.29	6.66									0.930	0.873	0.849	0.820		0.786																			
#GY#																						
%GJ%1	50	0.5907
%GJ%2	100	0.8394
%GJ%3	200	1.1399
%GJ%4	400	1.4922
#KF#试验方法																															
#ZJ#快剪				14.77	25.5		
#QY#3	6.7	0.20		1.91	2.71	29.6	32.2	22.8																			
#SX# 					
#GJ#常规	20						0.20	9.19									0.839	0.814	0.798	0.778		0.754																			
#GY#																						
%GJ%1	50	0.2719
%GJ%2	100	0.4459
%GJ%3	200	0.6634
%GJ%4	400	0.9244
#KF#试验方法																3.6	85.3	93.8		6.2	.009		.015		.025			.047	6.2	2.78	1.00
#ZJ#快剪				26.98	13.3		
#QY#4	12.7	0.20		1.92	2.71	25.5	28.6	19.6																			
#SX# 					
#GJ#常规	20						0.18	9.84									0.771	0.755	0.742	0.724		0.701																			
#GY#																						
%GJ%1	50	0.1807
%GJ%2	100	0.3275
%GJ%3	200	0.5308
%GJ%4	400	0.7905
#KF#试验方法																1.6	85.6	94.2		5.8	.008		.014		.024			.045	5.8	3.00	1.02
#ZJ#快剪				26.56	14.1		
#QY#5	18.7	0.20		1.83	2.72	32.1	34.2	23.5																			
#SX# 					
#GJ#常规	20						0.41	4.79									0.963	0.933	0.909	0.868		0.819																			
#GY#																						
%GJ%1	50	0.3057
%GJ%2	100	0.5502
%GJ%3	200	0.9679
%GJ%4	400	1.4671
#KF#试验方法																															
#ZJ#快剪				15.86	24.5		
#QY#6	24.7	0.20		1.82	2.73	36.7	35.5	20.2																			
#SX# 					
#GJ#常规	20						0.83	2.47									1.051	0.960	0.901	0.818		0.723																			
#GY#																						
%GJ%1	50	0.8874
%GJ%2	100	1.4627
%GJ%3	200	2.2721
%GJ%4	400	3.1984
#KF#试验方法																															
#ZJ#快剪				12.53	12.4		
#QY#7	30.7	0.20		1.74	2.75	47.2	40.5	20.7																			
#SX# 					
#GJ#常规	20						0.89	2.61									1.326	1.249	1.178	1.089		1.012																			
#GY#																						
%GJ%1	50	0.6621
%GJ%2	100	1.2726
%GJ%3	200	2.0378
%GJ%4	400	2.6999
#KF#试验方法																															
#ZJ#快剪				9.79	13.8		
#QY#8	34.7	0.20		1.80	2.73	34.7	35.8	20.2																			
#SX# 					
#GJ#常规	20						0.64	3.19									1.043	0.975	0.925	0.861		0.785																			
#GY#																						
%GJ%1	50	0.6657
%GJ%2	100	1.1552
%GJ%3	200	1.7817
%GJ%4	400	2.5257
#KF#试验方法																															
#ZJ#快剪				12.73	20.8		
#QY#9	38.7	0.20		1.88	2.76	32.5	43.8	22.5																			
#SX# 					
#GJ#常规	20						0.28	6.95									0.945	0.902	0.877	0.849		0.811																			
#GY#																						
%GJ%1	50	0.4422
%GJ%2	100	0.6992
%GJ%3	200	0.9871
%GJ%4	400	1.3779
#KF#试验方法																															
#ZJ#快剪				18.12	47.4		
#QY#10	58.7	0.20		1.91	2.73	32.0	34.5	19.6																			
#SX# 					
#GJ#常规	20						0.35	5.39									0.887	0.859	0.834	0.799		0.752																			
#GY#																						
%GJ%1	50	0.2968
%GJ%2	100	0.5617
%GJ%3	200	0.9327
%GJ%4	400	1.4308
#KF#试验方法																															
#ZJ#快剪				16.03	31.4		
#QY#R1	42.7	0.20	1		2.71	24.3	29.5	20.3																			
#SX# 					
#GJ#常规	20																																								
#GY#																						
#KF#试验方法																															
#ZJ#快剪							
#QY#R2	50.7	0.20	1		2.71	21.5	27.0	17.6																			
#SX# 					
#GJ#常规	20																																								
#GY#																						
#KF#试验方法																															
#ZJ#快剪							
#QY#R3	64.7	0.20	1																								
#SX# 					
#GJ#常规	20																																								
#GY#																						
#KF#试验方法									2.3		14.8	19.7		39.6	39.6	23.6		23.6			0.006		0.090		0.227			1.554		36.27	5.77
#ZJ#快剪							
#QY#R4	72.7	0.20	1																								
#SX# 					
#GJ#常规	20																																								
#GY#																						
#KF#试验方法											5.8	11.9		60.6	60.6	21.7		21.7			0.007		0.088		0.160			0.613		21.87	6.62
#ZJ#快剪							
#QY#R5	74.7	0.20	1																								
#SX# 					
#GJ#常规	20																																								
#GY#																						
#KF#试验方法						1.2			38		10.8	6.2		11.1	11.1	32.7		32.7			0.004		0.052		1.815			4.559		486.19	0.40
#ZJ#快剪							
#ZK#Z76					
#QY#1	1.1	0.30		1.96	2.72	28.6	32.5	18.6																			
#SX# 					
#GJ#常规	20						0.27	6.61									0.785	0.757	0.737	0.710		0.672																			
#GY#																						
%GJ%1	50	0.3137
%GJ%2	100	0.5378
%GJ%3	200	0.8403
%GJ%4	400	1.2661
#KF#试验方法																															
#ZJ#快剪				15.77	34.4		
#QY#2	2.6	0.30		1.88	2.72	34.5	35.6	25.2																			
#SX# 					
#GJ#常规	20						0.37	5.26									0.946	0.916	0.889	0.852		0.805																			
#GY#																						
%GJ%1	50	0.3083
%GJ%2	100	0.5858
%GJ%3	200	0.9661
%GJ%4	400	1.4491
#KF#试验方法																															
#ZJ#快剪				16.61	25.5		
#QY#3	12.7	0.20		1.92	2.71	25.8	28.2	19.6																			
#SX# 					
#GJ#常规	20						0.20	8.88									0.776	0.749	0.734	0.714		0.688																			
#GY#																						
%GJ%1	50	0.3041
%GJ%2	100	0.4730
%GJ%3	200	0.6982
%GJ%4	400	0.9910
#KF#试验方法																2.4	85.4	93.2		6.8	.008		.014		.025			.046	6.8	3.13	0.98
#ZJ#快剪				25.34	13.8		
#QY#4	22.7	0.20		1.81	2.73	37.5	36.5	20.6																			
#SX# 					
#GJ#常规	20						0.76	2.73									1.074	1.012	0.954	0.878		0.795																			
#GY#																						
%GJ%1	50	0.5979
%GJ%2	100	1.1572
%GJ%3	200	1.8901
%GJ%4	400	2.6905
#KF#试验方法																															
#ZJ#快剪				11.46	13.1		
#QY#5	32.7	0.20		1.81	2.73	36.1	36.7	20.7																			
#SX# 					
#GJ#常规	20						0.62	3.31									1.053	1.000	0.956	0.894		0.822																			
#GY#																						
%GJ%1	50	0.5163
%GJ%2	100	0.9450
%GJ%3	200	1.5490
%GJ%4	400	2.2504
#KF#试验方法																															
#ZJ#快剪				13.62	20.6		
#QY#6	38.7	0.20		1.98	2.72	24.5	28.6	16.5																			
#SX# 					
#GJ#常规	20						0.34	5.03									0.710	0.657	0.623	0.589		0.550																			
#GY#																						
%GJ%1	50	0.6199
%GJ%2	100	1.0175
%GJ%3	200	1.4152
%GJ%4	400	1.8713
#KF#试验方法																															
#ZJ#快剪				16.34	33.4		
#QY#7	44.7	0.20		2.03	2.71	20.2	23.5	14.5																			
#SX# 					
#GJ#常规	20						0.12	13.37									0.605	0.578	0.569	0.557		0.540																			
#GY#																						
%GJ%1	50	0.3364
%GJ%2	100	0.4486
%GJ%3	200	0.5981
%GJ%4	400	0.8100
#KF#试验方法																															
#ZJ#快剪				26.66	13.2		
#QY#8	48.7	0.20		1.93	2.70	29.0	32.3	23.0																			
#SX# 					
#GJ#常规	20						0.24	7.55									0.805	0.777	0.758	0.734		0.706																			
#GY#																						
%GJ%1	50	0.3102
%GJ%2	100	0.5208
%GJ%3	200	0.7867
%GJ%4	400	1.0970
#KF#试验方法																															
#ZJ#快剪				25.94	14.1		
#QY#9	52.7	0.20		2.02	2.71	22.7	28.6	19.5																			
#SX# 					
#GJ#常规	20						0.16	10.29									0.646	0.633	0.623	0.607		0.586																			
#GY#																						
%GJ%1	50	0.1580
%GJ%2	100	0.2795
%GJ%3	200	0.4739
%GJ%4	400	0.7290
#KF#试验方法																															
#ZJ#快剪				26.11	15.0		
#QY#10	56.7	0.20		1.95	2.71	29.4	32.3	23.0																			
#SX# 					
#GJ#常规	20						0.22	8.17									0.798	0.764	0.746	0.724		0.697																			
#GY#																						
%GJ%1	50	0.3782
%GJ%2	100	0.5784
%GJ%3	200	0.8231
%GJ%4	400	1.1235
#KF#试验方法																															
#ZJ#快剪				26.91	13.7		
#QY#11	60.7	0.20		1.93	2.72	29.5	32.2	21.3																			
#SX# 					
#GJ#常规	20						0.33	5.53									0.825	0.799	0.774	0.741		0.701																			
#GY#0.12	15.87			0.08	22.46	0.04	46.35											0.655			0.590	0.527
%GJ%1	50	0.2849
%GJ%2	100	0.5589
%GJ%3	200	0.9205
%GJ%4	400	1.3589
%GJ%5	800	1.8630
%GJ%6	1600	2.5753
%GJ%7	3200	3.2658
#KF#试验方法																															
#ZJ#快剪				15.56	24.5		
#QY#12	72.7	0.20		1.93	2.72	30.7	32.2	18.4																			
#SX# 					
#GJ#常规	20						0.31	5.94									0.842	0.817	0.798	0.767		0.721																			
#GY#0.12	16.02			0.10	18.65	0.05	39.83											0.675			0.596	0.522
%GJ%1	50	0.2714
%GJ%2	100	0.4777
%GJ%3	200	0.8143
%GJ%4	400	1.3138
%GJ%5	800	1.8132
%GJ%6	1600	2.6710
%GJ%7	3200	3.4745
#KF#试验方法																															
#ZJ#快剪				14.86	32.5		
#QY#R1	66.7	0.20	1																								
#SX# 					
#GJ#常规	20																																								
#GY#																						
#KF#试验方法									1.7		9.2	37.5		35.6	35.6	16		16			0.015		0.119		0.292			1.220		19.67	3.27
#ZJ#快剪							
#ZK#Z12					
#QY#1	1.1	0.20		1.87	2.73	31.8	35.6	20.3																			
#SX# 					
#GJ#常规	20						0.35	5.50									0.924	0.881	0.852	0.817		0.775																			
#GY#																						
%GJ%1	50	0.4470
%GJ%2	100	0.7484
%GJ%3	200	1.1123
%GJ%4	400	1.5489
#KF#试验方法																															
#ZJ#快剪				16.50	31.7		
#QY#2	4.1	0.20		1.85	2.71	31.5	34.3	24.8																			
#SX# 					
#GJ#常规	20						0.25	7.71									0.926	0.890	0.865	0.840		0.796																			
#GY#																						
%GJ%1	50	0.3738
%GJ%2	100	0.6334
%GJ%3	200	0.8930
%GJ%4	400	1.3499
#KF#试验方法																1.3	87.9	95		5.0	.009		.015		.025			.045	5.0	2.78	1.00
#ZJ#快剪				26.99	13.4		
#QY#3	7.7	0.20		1.88	2.71	28.0	31.5	22.4																			
#SX# 					
#GJ#常规	20						0.23	8.02									0.845	0.825	0.806	0.783		0.748																			
#GY#																						
%GJ%1	50	0.2168
%GJ%2	100	0.4228
%GJ%3	200	0.6721
%GJ%4	400	1.0515
#KF#试验方法																.4	88.1	94.8		5.2	.009		.015		.024			.044	5.2	2.67	1.04
#ZJ#快剪				26.69	14.4		
#QY#4	13.7	0.20		1.89	2.71	27.7	32.0	23.0																			
#SX# 					
#GJ#常规	20						0.15	12.21									0.831	0.820	0.810	0.795		0.775																			
#GY#																						
%GJ%1	50	0.1202
%GJ%2	100	0.2294
%GJ%3	200	0.3932
%GJ%4	400	0.6117
#KF#试验方法																2.7	85.2	94.1		5.9	.009		.015		.025			.046	5.9	2.78	1.00
#ZJ#快剪				28.06	13.3		
#QY#5	16.1	0.20		1.87	2.71	30.2	33.5	24.5																			
#SX# 					
#GJ#常规	20						0.23	8.20									0.887	0.870	0.855	0.832		0.803																			
#GY#																						
%GJ%1	50	0.1802
%GJ%2	100	0.3392
%GJ%3	200	0.5829
%GJ%4	400	0.8903
#KF#试验方法																	88.2	93.1		6.9	.008		.014		.024			.043	6.9	3.00	1.02
#ZJ#快剪				26.64	14.8		
#QY#6	19.7	0.20		1.79	2.72	34.9	35.5	22.6																			
#SX# 					
#GJ#常规	20						0.49	4.18									1.050	0.965	0.924	0.875		0.818																			
#GY#																						
%GJ%1	50	0.8293
%GJ%2	100	1.2293
%GJ%3	200	1.7073
%GJ%4	400	2.2634
#KF#试验方法																															
#ZJ#快剪				13.99	27.5		
#QY#7	25.7	0.20		1.83	2.72	31.7	33.5	19.6																			
#SX# 					
#GJ#常规	20						0.58	3.38									0.958	0.904	0.855	0.797		0.728																			
#GY#																						
%GJ%1	50	0.5516
%GJ%2	100	1.0521
%GJ%3	200	1.6445
%GJ%4	400	2.3493
#KF#试验方法																															
#ZJ#快剪				13.77	22.1		
#QY#8	31.7	0.20		1.75	2.73	43.0	37.5	21.5																			
#SX# 					
#GJ#常规	20						0.90	2.48									1.231	1.158	1.094	1.004		0.894																			
#GY#																						
%GJ%1	50	0.6544
%GJ%2	100	1.2281
%GJ%3	200	2.0350
%GJ%4	400	3.0211
#KF#试验方法																															
#ZJ#快剪				10.86	13.3		
#QY#9	35.7	0.20		1.78	2.73	39.8	36.6	20.7																			
#SX# 					
#GJ#常规	20						0.79	2.71									1.144	1.091	1.045	0.966		0.867																			
#GY#																						
%GJ%1	50	0.4944
%GJ%2	100	0.9235
%GJ%3	200	1.6604
%GJ%4	400	2.5840
#KF#试验方法																															
#ZJ#快剪				10.54	13.9		
#QY#10	38.1	0.20		1.90	2.76	30.2	43.2	22.1																			
#SX# 					
#GJ#常规	20						0.18	10.39									0.891	0.848	0.831	0.813		0.788																			
#GY#																						
%GJ%1	50	0.4548
%GJ%2	100	0.6346
%GJ%3	200	0.8250
%GJ%4	400	1.0894
#KF#试验方法																															
#ZJ#快剪				19.25	59.3		
#QY#11	59.7	0.20		2.03	2.72	23.8	26.8	15.6																			
#SX# 					
#GJ#常规	20						0.25	6.64									0.659	0.638	0.623	0.598		0.567																			
#GY#0.12	14.12			0.07	25.04	0.03	48.26											0.520			0.467	0.412
%GJ%1	50	0.2532
%GJ%2	100	0.4340
%GJ%3	200	0.7354
%GJ%4	400	1.1091
%GJ%5	800	1.6757
%GJ%6	1600	2.3146
%GJ%7	3200	2.9777
#KF#试验方法																															
#ZJ#快剪				18.27	33.4		
#QY#12	68.1	0.20		2.00	2.72	25.1	28.6	16.6																			
#SX# 					
#GJ#常规	20						0.30	5.67									0.701	0.663	0.639	0.609		0.571																			
#GY#0.12	14.18			0.07	23.87	0.04	41.24											0.523			0.466	0.400
%GJ%1	50	0.4468
%GJ%2	100	0.7290
%GJ%3	200	1.0817
%GJ%4	400	1.5285
%GJ%5	800	2.0929
%GJ%6	1600	2.7631
%GJ%7	3200	3.5391
#KF#试验方法																															
#ZJ#快剪				16.48	36.4		
#QY#R1	45.7	0.20	1		2.71	23.2	26.6	17.5																			
#SX# 					
#GJ#常规	20																																								
#GY#																						
#KF#试验方法																															
#ZJ#快剪							
#QY#R2	51.7	0.20	1		2.71	22.6	26.5	17.2																			
#SX# 					
#GJ#常规	20																																								
#GY#																						
#KF#试验方法																															
#ZJ#快剪							
#QY#R3	55.7	0.20	1		2.71	24.5	27.6	18.5																			
#SX# 					
#GJ#常规	20																																								
#GY#																						
#KF#试验方法																															
#ZJ#快剪							
#QY#R4	65.7	0.20	1																								
#SX# 					
#GJ#常规	20																																								
#GY#																						
#KF#试验方法									1.9		14.4	18.4		41.2	41.2	24.1		24.1			0.006		0.088		0.214			1.490		35.67	6.11
#ZJ#快剪							
#QY#R5	73.7	0.20	1																								
#SX# 					
#GJ#常规	20																																								
#GY#																						
#KF#试验方法											5.4	11.2		61.4	61.4	22		22			0.007		0.087		0.157			0.554		22.05	6.80
#ZJ#快剪							
#ZK#Z71					
#QY#1	.6	0.30		1.90	2.73	28.2	33.6	18.6																			
#SX# 					
#GJ#常规	20						0.36	5.12									0.842	0.810	0.784	0.748		0.694																			
#GY#																						
%GJ%1	50	0.3474
%GJ%2	100	0.6298
%GJ%3	200	1.0206
%GJ%4	400	1.6069
#KF#试验方法																															
#ZJ#快剪				16.80	28.0		
#QY#2	2.6	0.30		1.88	2.73	31.6	33.5	19.3																			
#SX# 					
#GJ#常规	20						0.44	4.34									0.911	0.874	0.839	0.795		0.743																			
#GY#																						
%GJ%1	50	0.3872
%GJ%2	100	0.7535
%GJ%3	200	1.2140
%GJ%4	400	1.7582
#KF#试验方法																															
#ZJ#快剪				14.69	25.4		
#QY#3	10.7	0.20		1.94	2.71	24.8	28.6	19.6																			
#SX# 					
#GJ#常规	20						0.18	9.69									0.743	0.732	0.722	0.704		0.682																			
#GY#																						
%GJ%1	50	0.1262
%GJ%2	100	0.2410
%GJ%3	200	0.4475
%GJ%4	400	0.6999
#KF#试验方法																.4	86.3	93		7.0	.008		.014		.024			.044	7.0	3.00	1.02
#ZJ#快剪				27.03	13.4		
#QY#4	22.7	0.20		1.81	2.73	34.0	36.5	20.5																			
#SX# 					
#GJ#常规	20						0.42	4.81									1.021	0.982	0.952	0.910		0.864																			
#GY#																						
%GJ%1	50	0.3859
%GJ%2	100	0.6828
%GJ%3	200	1.0985
%GJ%4	400	1.5537
#KF#试验方法																															
#ZJ#快剪				13.48	21.0		
#QY#5	32.7	0.20		1.81	2.73	34.4	36.6	20.8																			
#SX# 					
#GJ#常规	20						0.54	3.75									1.027	0.984	0.949	0.895		0.824																			
#GY#																						
%GJ%1	50	0.4243
%GJ%2	100	0.7696
%GJ%3	200	1.3024
%GJ%4	400	2.0030
#KF#试验方法																															
#ZJ#快剪				12.23	21.0		
#QY#6	38.7	0.20		2.00	2.72	24.9	28.6	15.6																			
#SX# 					
#GJ#常规	20						0.23	7.39									0.699	0.659	0.643	0.620		0.586																			
#GY#																						
%GJ%1	50	0.4709
%GJ%2	100	0.6592
%GJ%3	200	0.9300
%GJ%4	400	1.3302
#KF#试验方法																															
#ZJ#快剪				21.04	44.7		
#QY#7	42.7	0.20																									
#SX# 					
#GJ#常规	20																																								
#GY#																						
#KF#试验方法														65	65	35		35			0.003		0.040		0.118			0.228		34.37	4.02
#ZJ#快剪							
#QY#8	48.7	0.20																									
#SX# 					
#GJ#常规	20																																								
#GY#																						
#KF#试验方法												.8		64.4	64.4	34.8		34.8			0.003		0.042		0.119			0.231		34.33	4.19
#ZJ#快剪							
#QY#9	60.7	0.20		1.92	2.71	27.0	30.0	20.5																			
#SX# 					
#GJ#常规	20						0.19	9.43									0.793	0.779	0.766	0.747		0.717																			
#GY#0.14	13.04			0.08	22.77	0.04	42.82											0.662			0.599	0.532
%GJ%1	50	0.1562
%GJ%2	100	0.3012
%GJ%3	200	0.5131
%GJ%4	400	0.8477
%GJ%5	800	1.4612
%GJ%6	1600	2.1640
%GJ%7	3200	2.9113
#KF#试验方法																															
#ZJ#快剪				27.85	12.9		
#QY#10	72.7	0.20		1.89	2.72	28.2	32.2	18.7																			
#SX# 					
#GJ#常规	20						0.35	5.27									0.845	0.820	0.800	0.765		0.723																			
#GY#0.12	15.70			0.11	17.16	0.05	35.14											0.676			0.590	0.506
%GJ%1	50	0.2710
%GJ%2	100	0.4878
%GJ%3	200	0.8672
%GJ%4	400	1.3225
%GJ%5	800	1.8320
%GJ%6	1600	2.7642
%GJ%7	3200	3.6748
#KF#试验方法																															
#ZJ#快剪				16.63	35.2		
#QY#R1	64.7	0.20	1																								
#SX# 					
#GJ#常规	20																																								
#GY#																						
#KF#试验方法											6.6	53.3		28.4	28.4	11.7		11.7			0.039		0.162		0.324			0.700		8.21	2.05
#ZJ#快剪							
#ZK#Z88					
#QY#1	1.7	0.20		1.85	2.73	32.7	34.3	19.3																			
#SX# 					
#GJ#常规	20						0.51	3.84									0.958	0.868	0.824	0.773		0.716																			
#GY#																						
%GJ%1	50	0.9193
%GJ%2	100	1.3687
%GJ%3	200	1.8897
%GJ%4	400	2.4719
#KF#试验方法																															
#ZJ#快剪				13.10	21.5		
#QY#2	2.7	0.20		1.87	2.72	34.9	36.6	23.5																			
#SX# 					
#GJ#常规	20						0.42	4.67									0.962	0.907	0.873	0.831		0.784																			
#GY#																						
%GJ%1	50	0.5607
%GJ%2	100	0.9072
%GJ%3	200	1.3354
%GJ%4	400	1.8145
#KF#试验方法																															
#ZJ#快剪				13.64	23.3		
#QY#3	5.7	0.20		1.88	2.71	29.8	32.5	23.2																			
#SX# 					
#GJ#常规	20						0.16	11.69									0.871	0.860	0.850	0.834		0.809																			
#GY#																						
%GJ%1	50	0.1176
%GJ%2	100	0.2245
%GJ%3	200	0.3955
%GJ%4	400	0.6627
#KF#试验方法																															
#ZJ#快剪				25.71	13.5		
#QY#4	15.7	0.20		1.96	2.71	28.4	31.5	22.2																			
#SX# 					
#GJ#常规	20						0.18	9.86									0.775	0.745	0.731	0.713		0.693																			
#GY#																						
%GJ%1	50	0.3380
%GJ%2	100	0.4958
%GJ%3	200	0.6986
%GJ%4	400	0.9239
#KF#试验方法																															
#ZJ#快剪				26.61	12.6		
#QY#5	27.7	0.20		1.73	2.76	50.2	42.2	21.7																			
#SX# 					
#GJ#常规	20						1.19	2.01									1.396	1.317	1.260	1.141		1.037																			
#GY#																						
%GJ%1	50	0.6594
%GJ%2	100	1.1352
%GJ%3	200	2.1285
%GJ%4	400	2.9967
#KF#试验方法																															
#ZJ#快剪				8.12	10.0		
#QY#6	35.7	0.20		1.73	2.74	46.5	39.6	21.3																			
#SX# 					
#GJ#常规	20						0.91	2.55									1.320	1.256	1.200	1.109		1.025																			
#GY#																						
%GJ%1	50	0.5517
%GJ%2	100	1.0345
%GJ%3	200	1.8190
%GJ%4	400	2.5431
#KF#试验方法																															
#ZJ#快剪				9.81	14.4		
#QY#7	39.7	0.20		1.99	2.72	22.0	27.5	15.4																			
#SX# 					
#GJ#常规	20						0.17	9.81									0.668	0.656	0.645	0.628		0.599																			
#GY#																						
%GJ%1	50	0.1439
%GJ%2	100	0.2758
%GJ%3	200	0.4796
%GJ%4	400	0.8273
#KF#试验方法																															
#ZJ#快剪				22.60	48.8		
#QY#8	41.7	0.20		1.94	2.72	24.8	26.6	14.8																			
#SX# 					
#GJ#常规	20						0.39	4.49									0.750	0.715	0.685	0.646		0.603																			
#GY#																						
%GJ%1	50	0.4000
%GJ%2	100	0.7429
%GJ%3	200	1.1886
%GJ%4	400	1.6800
#KF#试验方法																															
#ZJ#快剪				16.70	25.4		
#QY#9	47.7	0.20																									
#SX# 					
#GJ#常规	20																																								
#GY#																						
#KF#试验方法												1.1		63.2	63.2	35.7		35.7			0.003		0.038		0.118			0.232		35.17	3.59
#ZJ#快剪							
#QY#10	59.7	0.20		1.89	2.73	33.0	35.5	20.5																			
#SX# 					
#GJ#常规	20						0.42	4.57									0.921	0.884	0.852	0.810		0.755																			
#GY#0.14	13.97			0.09	21.05													0.700			0.627	
%GJ%1	50	0.3852
%GJ%2	100	0.7184
%GJ%3	200	1.1556
%GJ%4	400	1.7283
%GJ%5	800	2.3009
%GJ%6	1600	3.0609
#KF#试验方法																															
#ZJ#快剪				14.26	24.5		
#QY#11	62.1	0.20		1.95	2.69	24.3																					
#SX# 					
#GJ#常规	20						0.24	7.14									0.715	0.690	0.671	0.647		0.611																			
#GY#0.13	13.72			0.09	19.06													0.561			0.489	
%GJ%1	50	0.2915
%GJ%2	100	0.5131
%GJ%3	200	0.7930
%GJ%4	400	1.2128
%GJ%5	800	1.7959
%GJ%6	1600	2.6356
#KF#试验方法														57.5	57.5	42.5		42.5			0.003		0.021		0.107			0.225		38.70	1.50
#ZJ#快剪							
#QY#12	69.7	0.20		1.88	2.72	31.5	33.3	19.3																			
#SX# 					
#GJ#常规	20						0.29	6.56									0.903	0.884	0.867	0.838		0.792																			
#GY#0.14	13.84			0.10	19.77													0.737			0.660	
%GJ%1	50	0.1997
%GJ%2	100	0.3783
%GJ%3	200	0.6831
%GJ%4	400	1.1666
%GJ%5	800	1.7446
%GJ%6	1600	2.5539
#KF#试验方法																															
#ZJ#快剪				13.64	30.5		
#ZK#Z90					
#QY#1	2.1	0.20		1.86	2.73	34.1	37.2	21.5																			
#SX# 					
#GJ#常规	20						0.42	4.69									0.968	0.899	0.865	0.823		0.772																			
#GY#																						
%GJ%1	50	0.7012
%GJ%2	100	1.0467
%GJ%3	200	1.4736
%GJ%4	400	1.9919
#KF#试验方法																															
#ZJ#快剪				13.58	20.5		
#QY#2	5.7	0.20		1.97	2.71	26.5	29.6	20.5																			
#SX# 					
#GJ#常规	20						0.12	14.50									0.740	0.729	0.719	0.707		0.688																			
#GY#																						
%GJ%1	50	0.1264
%GJ%2	100	0.2414
%GJ%3	200	0.3793
%GJ%4	400	0.5977
#KF#试验方法																															
#ZJ#快剪				27.46	13.6		
#QY#3	15.7	0.20		2.00	2.71	23.3	26.5	17.5																			
#SX# 					
#GJ#常规	20						0.18	9.28									0.671	0.644	0.628	0.610		0.589																			
#GY#																						
%GJ%1	50	0.3232
%GJ%2	100	0.5147
%GJ%3	200	0.7301
%GJ%4	400	0.9814
#KF#试验方法														18	18	7.8	60.5	75.1		6.9	.007		.016		.035			.178	6.9	5.00	1.04
#ZJ#快剪				26.38	13.0		
#QY#4	25.7	0.20		1.74	2.75	44.5	40.2	20.5																			
#SX# 					
#GJ#常规	20						0.93	2.46									1.284	1.213	1.152	1.059		0.943																			
#GY#																						
%GJ%1	50	0.6217
%GJ%2	100	1.1559
%GJ%3	200	1.9702
%GJ%4	400	2.9860
#KF#试验方法																															
#ZJ#快剪				9.33	14.3		
#QY#5	35.7	0.20		1.75	2.74	46.2	39.8	21.5																			
#SX# 					
#GJ#常规	20						0.86	2.66									1.289	1.215	1.152	1.066		0.962																			
#GY#																						
%GJ%1	50	0.6466
%GJ%2	100	1.1970
%GJ%3	200	1.9484
%GJ%4	400	2.8571
#KF#试验方法																															
#ZJ#快剪				9.57	12.9		
#QY#6	41.7	0.20		1.98	2.72	24.6	29.6	17.5																			
#SX# 					
#GJ#常规	20						0.23	7.44									0.712	0.694	0.680	0.657		0.617																			
#GY#																						
%GJ%1	50	0.2103
%GJ%2	100	0.3738
%GJ%3	200	0.6425
%GJ%4	400	1.1098
#KF#试验方法																															
#ZJ#快剪				17.56	42.6		
#QY#7	45.7	0.20		2.02	2.71	22.2	26.6	17.5																			
#SX# 					
#GJ#常规	20						0.15	10.93									0.639	0.619	0.609	0.594		0.576																			
#GY#																						
%GJ%1	50	0.2441
%GJ%2	100	0.3661
%GJ%3	200	0.5491
%GJ%4	400	0.7688
#KF#试验方法																															
#ZJ#快剪				26.37	13.6		
#QY#8	55.7	0.20		2.05	2.71	21.4	24.6	16.4																			
#SX# 					
#GJ#常规	20						0.11	14.59									0.605	0.597	0.591	0.580		0.563																			
#GY#0.07	23.78			0.04	42.80													0.536			0.506	
%GJ%1	50	0.0997
%GJ%2	100	0.1745
%GJ%3	200	0.3115
%GJ%4	400	0.5234
%GJ%5	800	0.8598
%GJ%6	1600	1.2336
#KF#试验方法																															
#ZJ#快剪				27.44	12.5		
#QY#9	58.7	0.20		1.95	2.72	28.6	30.3	18.2																			
#SX# 					
#GJ#常规	20						0.32	5.61									0.794	0.750	0.724	0.692		0.649																			
#GY#0.10	18.88			0.07	25.18													0.611			0.554	
%GJ%1	50	0.4905
%GJ%2	100	0.7804
%GJ%3	200	1.1371
%GJ%4	400	1.6165
%GJ%5	800	2.0401
%GJ%6	1600	2.6756
#KF#试验方法																															
#ZJ#快剪				14.30	31.2		
#QY#10	60.7	0.20		2.02	2.69	20.7																					
#SX# 					
#GJ#常规	20						0.18	8.93									0.607	0.591	0.577	0.559		0.537																			
#GY#0.08	20.09			0.05	31.36													0.505			0.464	
%GJ%1	50	0.1991
%GJ%2	100	0.3734
%GJ%3	200	0.5974
%GJ%4	400	0.8712
%GJ%5	800	1.2694
%GJ%6	1600	1.7797
#KF#试验方法														51.1	51.1	48.9		48.9			0.002		0.014		0.096			0.222		39.83	0.86
#ZJ#快剪							
#QY#11	70.7	0.20		1.91	2.72	28.9	31.2	18.5																			
#SX# 					
#GJ#常规	20						0.38	4.83									0.836	0.796	0.764	0.726		0.672																			
#GY#0.13	14.12			0.09	20.40													0.620			0.548	
%GJ%1	50	0.4357
%GJ%2	100	0.7843
%GJ%3	200	1.1983
%GJ%4	400	1.7865
%GJ%5	800	2.3529
%GJ%6	1600	3.1373
#KF#试验方法																															
#ZJ#快剪				13.30	23.4		
#ZK#Z7					
#QY#1	1.1	0.20		1.88	2.73	28.6	35.5	20.5																			
#SX# 					
#GJ#常规	20						0.36	5.19									0.867	0.834	0.805	0.769		0.722																			
#GY#																						
%GJ%1	50	0.3535
%GJ%2	100	0.6642
%GJ%3	200	1.0498
%GJ%4	400	1.5533
#KF#试验方法																															
#ZJ#快剪				15.72	34.1		
#QY#2	4.1	0.20		1.81	2.73	39.5	34.6	19.3																			
#SX# 					
#GJ#常规	20						0.77	2.73									1.104	1.025	0.975	0.898		0.784																			
#GY#																						
%GJ%1	50	0.7510
%GJ%2	100	1.2262
%GJ%3	200	1.9582
%GJ%4	400	3.0418
#KF#试验方法																															
#ZJ#快剪				10.69	13.5		
#QY#3	8.1	0.20		1.90	2.71	30.6	33.3	24.2																			
#SX# 					
#GJ#常规	20						0.25	7.45									0.863	0.831	0.812	0.787		0.758																			
#GY#																						
%GJ%1	50	0.3435
%GJ%2	100	0.5475
%GJ%3	200	0.8159
%GJ%4	400	1.1272
#KF#试验方法																															
#ZJ#快剪				26.21	13.6		
#QY#4	18.1	0.20		1.86	2.72	33.1	30.5	18.4																			
#SX# 					
#GJ#常规	20						0.46	4.23									0.946	0.896	0.865	0.819		0.777																			
#GY#																						
%GJ%1	50	0.5139
%GJ%2	100	0.8325
%GJ%3	200	1.3052
%GJ%4	400	1.7369
#KF#试验方法																															
#ZJ#快剪				14.63	19.1		
#QY#5	32.1	0.20		1.75	2.76	45.6	40.4	20.3																			
#SX# 					
#GJ#常规	20						0.86	2.67									1.296	1.228	1.173	1.087		0.982																			
#GY#																						
%GJ%1	50	0.5923
%GJ%2	100	1.0714
%GJ%3	200	1.8206
%GJ%4	400	2.7352
#KF#试验方法																															
#ZJ#快剪				9.18	13.4		
#QY#6	37.7	0.20		1.93	2.76	32.0	43.5	22.2																			
#SX# 					
#GJ#常规	20						0.13	14.52									0.888	0.872	0.861	0.848		0.833																			
#GY#																						
%GJ%1	50	0.1695
%GJ%2	100	0.2860
%GJ%3	200	0.4237
%GJ%4	400	0.5826
#KF#试验方法																															
#ZJ#快剪				20.31	60.5		
#QY#7	62.1	0.20		1.94	2.72	29.0	31.8	18.5																			
#SX# 					
#GJ#常规	20						0.34	5.32									0.809	0.783	0.758	0.724		0.678																			
#GY#0.13	13.65			0.08	21.93													0.625			0.559	
%GJ%1	50	0.2875
%GJ%2	100	0.5638
%GJ%3	200	0.9397
%GJ%4	400	1.4483
%GJ%5	800	2.0343
%GJ%6	1600	2.7640
#KF#试验方法																															
#ZJ#快剪				16.27	34.5		
#QY#8	66.1	0.20		1.99	2.72	23.8	27.6	15.8																			
#SX# 					
#GJ#常规	20						0.36	4.70									0.692	0.651	0.623	0.587		0.543																			
#GY#0.12	14.71			0.08	21.15													0.497			0.433	
%GJ%1	50	0.4846
%GJ%2	100	0.8156
%GJ%3	200	1.2411
%GJ%4	400	1.7612
%GJ%5	800	2.3050
%GJ%6	1600	3.0615
#KF#试验方法																															
#ZJ#快剪				17.50	28.6		
#QY#9	74.1	0.20		1.95	2.72	26.8	28.8	16.6																			
#SX# 					
#GJ#常规	20						0.40	4.42									0.769	0.742	0.718	0.678		0.626																			
#GY#0.14	12.41			0.08	22.46													0.569			0.506	
%GJ%1	50	0.3053
%GJ%2	100	0.5766
%GJ%3	200	1.0288
%GJ%4	400	1.6167
%GJ%5	800	2.2612
%GJ%6	1600	2.9734
#KF#试验方法																															
#ZJ#快剪				14.36	29.5		
#QY#R1	41.7	0.20	1		2.71	22.2	25.5	16.8																			
#SX# 					
#GJ#常规	20																																								
#GY#																						
#KF#试验方法																															
#ZJ#快剪							
#QY#R2	49.7	0.20	1																								
#SX# 					
#GJ#常规	20																																								
#GY#																						
#KF#试验方法									1.1		13.8	22.8		44.3	44.3	18		18			0.011		0.103		0.235			1.357		21.25	4.06
#ZJ#快剪							
#QY#R3	71.7	0.20	1																								
#SX# 					
#GJ#常规	20																																								
#GY#																						
#KF#试验方法									1		19.6	32.9		22.3	22.3	24.2		24.2			0.006		0.101		0.332			1.503		55.89	5.18
#ZJ#快剪							
#ZK#Z9					
#QY#1	2.7	0.20		1.91	2.72	28.6	32.5	18.8																			
#SX# 					
#GJ#常规	20						0.26	7.04									0.831	0.803	0.783	0.757		0.725																			
#GY#																						
%GJ%1	50	0.3058
%GJ%2	100	0.5243
%GJ%3	200	0.8083
%GJ%4	400	1.1578
#KF#试验方法																															
#ZJ#快剪				17.89	40.6		
#QY#2	4.7	0.20		1.85	2.72	36.7	33.5	22.2																			
#SX# 					
#GJ#常规	20						0.64	3.14									1.010	0.964	0.927	0.863		0.824																			
#GY#																						
%GJ%1	50	0.4577
%GJ%2	100	0.8259
%GJ%3	200	1.4627
%GJ%4	400	1.8507
#KF#试验方法																															
#ZJ#快剪				12.43	15.1		
#QY#3	8.7	0.20		1.84	2.72	35.0	31.5	20.5																			
#SX# 					
#GJ#常规	20						0.51	3.91									0.996	0.941	0.903	0.852		0.786																			
#GY#																						
%GJ%1	50	0.5511
%GJ%2	100	0.9319
%GJ%3	200	1.4429
%GJ%4	400	2.1042
#KF#试验方法																															
#ZJ#快剪				14.71	19.6		
#QY#4	14.7	0.20		1.87	2.71	28.6	31.5	22.5																			
#SX# 					
#GJ#常规	20						0.17	10.96									0.864	0.847	0.834	0.817		0.795																			
#GY#																						
%GJ%1	50	0.1824
%GJ%2	100	0.3219
%GJ%3	200	0.5043
%GJ%4	400	0.7403
#KF#试验方法																															
#ZJ#快剪				26.57	12.2		
#QY#5	20.7	0.20		1.89	2.71	28.3	32.2	22.5																			
#SX# 					
#GJ#常规	20						0.21	8.76									0.840	0.822	0.807	0.786		0.759																			
#GY#																						
%GJ%1	50	0.1957
%GJ%2	100	0.3587
%GJ%3	200	0.5870
%GJ%4	400	0.8804
#KF#试验方法																															
#ZJ#快剪				26.21	13.4		
#QY#6	26.7	0.20		1.85	2.71	30.4	33.2	23.8																			
#SX# 					
#GJ#常规	20						0.23	8.31									0.910	0.894	0.880	0.857		0.825																			
#GY#																						
%GJ%1	50	0.1675
%GJ%2	100	0.3141
%GJ%3	200	0.5550
%GJ%4	400	0.8901
#KF#试验方法																															
#ZJ#快剪				26.60	14.8		
#QY#7	32.7	0.20		1.83	2.73	38.6	34.6	19.4																			
#SX# 					
#GJ#常规	20						0.77	2.69									1.068	0.995	0.949	0.872		0.792																			
#GY#																						
%GJ%1	50	0.7060
%GJ%2	100	1.1509
%GJ%3	200	1.8956
%GJ%4	400	2.6692
#KF#试验方法																															
#ZJ#快剪				12.24	15.7		
#QY#8	38.7	0.20		1.94	2.76	31.6	42.2	21.5																			
#SX# 					
#GJ#常规	20						0.19	9.85									0.872	0.859	0.848	0.829		0.797																			
#GY#																						
%GJ%1	50	0.1389
%GJ%2	100	0.2564
%GJ%3	200	0.4594
%GJ%4	400	0.8013
#KF#试验方法																															
#ZJ#快剪				21.47	70.6		
#QY#9	61.1	0.20		1.90	2.72	28.3	30.5	18.4																			
#SX# 					
#GJ#常规	20						0.32	5.74									0.837	0.807	0.782	0.750		0.708																			
#GY#0.13	14.41			0.08	22.61	0.04	41.40											0.657			0.592	0.521
%GJ%1	50	0.3266
%GJ%2	100	0.5988
%GJ%3	200	0.9472
%GJ%4	400	1.4045
%GJ%5	800	1.9597
%GJ%6	1600	2.6674
%GJ%7	3200	3.4404
#KF#试验方法																															
#ZJ#快剪				14.60	32.5		
#QY#10	71.1	0.20		1.94	2.72	24.8	26.8	14.7																			
#SX# 					
#GJ#常规	20						0.31	5.64									0.750	0.718	0.692	0.661		0.622																			
#GY#0.12	14.58			0.08	21.21	0.04	44.44											0.574			0.508	0.445
%GJ%1	50	0.3657
%GJ%2	100	0.6629
%GJ%3	200	1.0171
%GJ%4	400	1.4629
%GJ%5	800	2.0114
%GJ%6	1600	2.7657
%GJ%7	3200	3.4857
#KF#试验方法																															
#ZJ#快剪				14.86	31.5		
#QY#R1	42.7	0.20	1		2.71	22.7	25.5	16.8																			
#SX# 					
#GJ#常规	20																																								
#GY#																						
#KF#试验方法																															
#ZJ#快剪							
#QY#R2	48.7	0.20	1		2.71	22.7	26.3	17.2																			
#SX# 					
#GJ#常规	20																																								
#GY#																						
#KF#试验方法																															
#ZJ#快剪							
#QY#R3	54.7	0.20	1		2.71	23.6	25.8	17.0																			
#SX# 					
#GJ#常规	20																																								
#GY#																						
#KF#试验方法																															
#ZJ#快剪							
#QY#R4	66.7	0.20	1																								
#SX# 					
#GJ#常规	20																																								
#GY#																						
#KF#试验方法									.8		19.2	33.3		22.1	22.1	24.6		24.6			0.006		0.099		0.329			1.465		56.95	5.18
#ZJ#快剪							
#QY#R5	74.7	0.20	1																								
#SX# 					
#GJ#常规	20																																								
#GY#																						
#KF#试验方法									10.5		18.6	24.7		31.2	31.2	15		15			0.018		0.133		0.368			3.230		20.52	2.66
#ZJ#快剪							
#ZK#Z64					
#QY#1	.7	0.20		1.90	2.73	31.8	36.2	21.5																			
#SX# 					
#GJ#常规	20						0.39	4.86									0.894	0.870	0.847	0.808		0.757																			
#GY#																						
%GJ%1	50	0.2534
%GJ%2	100	0.4963
%GJ%3	200	0.9081
%GJ%4	400	1.4467
#KF#试验方法																															
#ZJ#快剪				14.70	29.6		
#QY#2	2.7	0.20		1.88	2.73	32.7	34.5	19.5																			
#SX# 					
#GJ#常规	20						0.41	4.70									0.927	0.869	0.835	0.794		0.746																			
#GY#																						
%GJ%1	50	0.6020
%GJ%2	100	0.9549
%GJ%3	200	1.3804
%GJ%4	400	1.8786
#KF#试验方法																															
#ZJ#快剪				13.10	24.5		
#QY#3	14.7	0.20		1.88	2.71	28.0	31.2	22.0																			
#SX# 					
#GJ#常规	20						0.18	10.25									0.845	0.828	0.816	0.798		0.772																			
#GY#																						
%GJ%1	50	0.1843
%GJ%2	100	0.3144
%GJ%3	200	0.5095
%GJ%4	400	0.7913
#KF#试验方法																															
#ZJ#快剪				26.37	13.6		
#QY#4	24.7	0.20		1.83	2.72	35.0	33.2	19.3																			
#SX# 					
#GJ#常规	20						0.64	3.14									1.007	0.937	0.887	0.823		0.750																			
#GY#																						
%GJ%1	50	0.6976
%GJ%2	100	1.1958
%GJ%3	200	1.8336
%GJ%4	400	2.5610
#KF#试验方法																															
#ZJ#快剪				13.94	15.6		
#QY#5	34.7	0.20		1.75	2.74	45.0	39.6	21.5																			
#SX# 					
#GJ#常规	20						0.79	2.87									1.270	1.188	1.125	1.046		0.952																			
#GY#																						
%GJ%1	50	0.7225
%GJ%2	100	1.2775
%GJ%3	200	1.9736
%GJ%4	400	2.8018
#KF#试验方法																															
#ZJ#快剪				9.69	13.6		
#QY#6	38.7	0.20		2.04	2.72	21.5	25.5	13.3																			
#SX# 					
#GJ#常规	20						0.20	8.10									0.620	0.604	0.593	0.573		0.547																			
#GY#																						
%GJ%1	50	0.1975
%GJ%2	100	0.3333
%GJ%3	200	0.5802
%GJ%4	400	0.9012
#KF#试验方法																															
#ZJ#快剪				17.39	43.6		
#QY#7	44.7	0.20		2.00	2.71	22.9	26.6	17.7																			
#SX# 					
#GJ#常规	20						0.09	18.50									0.665	0.658	0.653	0.644		0.633																			
#GY#																						
%GJ%1	50	0.0841
%GJ%2	100	0.1441
%GJ%3	200	0.2523
%GJ%4	400	0.3844
#KF#试验方法																															
#ZJ#快剪				26.80	12.3		
#QY#8	60.7	0.20		1.93	2.72	26.6	28.5	16.3																			
#SX# 					
#GJ#常规	20						0.36	4.96									0.784	0.747	0.718	0.682		0.637																			
#GY#0.14	12.97			0.07	26.93													0.582			0.529	
%GJ%1	50	0.4148
%GJ%2	100	0.7399
%GJ%3	200	1.1435
%GJ%4	400	1.6480
%GJ%5	800	2.2646
%GJ%6	1600	2.8587
#KF#试验方法																															
#ZJ#快剪				14.25	25.6		
#QY#9	72.7	0.20		1.95	2.72	27.0	29.3	17.2																			
#SX# 					
#GJ#常规	20						0.30	5.90									0.771	0.753	0.737	0.707		0.664																			
#GY#0.13	13.62			0.06	29.52													0.612			0.564	
%GJ%1	50	0.2033
%GJ%2	100	0.3840
%GJ%3	200	0.7228
%GJ%4	400	1.2084
%GJ%5	800	1.7956
%GJ%6	1600	2.3377
#KF#试验方法																															
#ZJ#快剪				15.26	32.6		
#QY#R1	50.7	0.20	1																								
#SX# 					
#GJ#常规	20																																								
#GY#																						
#KF#试验方法									1		13.4	23		43.7	43.7	18.9		18.9			0.010		0.100		0.232			1.313		23.75	4.44
#ZJ#快剪							
#QY#R2	64.7	0.20	1																								
#SX# 					
#GJ#常规	20																																								
#GY#																						
#KF#试验方法											7.4	10		61.1	61.1	21.5		21.5			0.007		0.088		0.159			0.784		21.34	6.53
#ZJ#快剪							
#QY#R3	74.7	0.20	1																								
#SX# 					
#GJ#常规	20																																								
#GY#																						
#KF#试验方法											8	10.8		60.4	60.4	20.8		20.8			0.008		0.089		0.163			0.837		20.35	6.14
#ZJ#快剪							
#ZK#Z72					
#QY#1	1.25	0.20		1.87	2.73	32.4	36.6	20.6																			
#SX# 					
#GJ#常规	20						0.26	7.43									0.933	0.915	0.899	0.873		0.829																			
#GY#																						
%GJ%1	50	0.1862
%GJ%2	100	0.3518
%GJ%3	200	0.6208
%GJ%4	400	1.0760
#KF#试验方法																															
#ZJ#快剪				14.82	34.2		
#QY#2	2.75	0.20		1.83	2.72	35.7	32.5	18.6																			
#SX# 					
#GJ#常规	20						0.58	3.48									1.017	0.973	0.934	0.876		0.826																			
#GY#																						
%GJ%1	50	0.4363
%GJ%2	100	0.8230
%GJ%3	200	1.3981
%GJ%4	400	1.8939
#KF#试验方法																															
#ZJ#快剪				13.91	17.4		
#QY#3	12.75	0.20		1.92	2.71	28.0	30.8	21.5																			
#SX# 					
#GJ#常规	20						0.18	10.04									0.807	0.787	0.775	0.757		0.733																			
#GY#																						
%GJ%1	50	0.2214
%GJ%2	100	0.3542
%GJ%3	200	0.5534
%GJ%4	400	0.8190
#KF#试验方法																															
#ZJ#快剪				26.59	12.4		
#QY#4	22.75	0.20		1.76	2.74	41.8	39.5	21.4																			
#SX# 					
#GJ#常规	20						0.82	2.69									1.208	1.124	1.056	0.974		0.877																			
#GY#																						
%GJ%1	50	0.7609
%GJ%2	100	1.3768
%GJ%3	200	2.1196
%GJ%4	400	2.9982
#KF#试验方法																															
#ZJ#快剪				9.79	11.9		
#QY#5	34.75	0.20		1.76	2.76	40.6	42.8	22.2																			
#SX# 					
#GJ#常规	20						0.66	3.34									1.205	1.156	1.111	1.045		0.952																			
#GY#																						
%GJ%1	50	0.4444
%GJ%2	100	0.8526
%GJ%3	200	1.4512
%GJ%4	400	2.2948
#KF#试验方法																															
#ZJ#快剪				12.96	21.8		
#QY#6	40.75	0.20		1.93	2.71	25.8	28.5	19.5																			
#SX# 					
#GJ#常规	20						0.11	16.06									0.766	0.756	0.747	0.736		0.720																			
#GY#																						
%GJ%1	50	0.1133
%GJ%2	100	0.2152
%GJ%3	200	0.3398
%GJ%4	400	0.5210
#KF#试验方法																															
#ZJ#快剪				27.23	13.2		
#QY#7	48.75	0.20		2.02	2.71	21.4	24.5	15.8																			
#SX# 					
#GJ#常规	20						0.11	14.81									0.629	0.622	0.616	0.605		0.589																			
#GY#																						
%GJ%1	50	0.0859
%GJ%2	100	0.1596
%GJ%3	200	0.2947
%GJ%4	400	0.4911
#KF#试验方法																															
#ZJ#快剪				26.46	12.8		
#QY#8	60.75	0.20		1.99	2.72	22.0	24.6	13.5																			
#SX# 					
#GJ#常规	20						0.22	7.58									0.668	0.646	0.629	0.607		0.578																			
#GY#0.10	16.27			0.05	31.77													0.537			0.495	
%GJ%1	50	0.2638
%GJ%2	100	0.4676
%GJ%3	200	0.7314
%GJ%4	400	1.0791
%GJ%5	800	1.5707
%GJ%6	1600	2.0743
#KF#试验方法																															
#ZJ#快剪				20.20	40.4		
#QY#9	72.75	0.20		1.89	2.73	34.4	37.5	21.2																			
#SX# 					
#GJ#常规	20						0.29	6.69									0.941	0.918	0.898	0.869		0.827																			
#GY#0.15	12.73			0.09	21.87													0.766			0.695	
%GJ%1	50	0.2370
%GJ%2	100	0.4431
%GJ%3	200	0.7419
%GJ%4	400	1.1747
%GJ%5	800	1.8032
%GJ%6	1600	2.5348
#KF#试验方法																															
#ZJ#快剪				15.67	39.7		
#QY#R1	66.75	0.20	1																								
#SX# 					
#GJ#常规	20																																								
#GY#																						
#KF#试验方法											7.8	10.4		61.2	61.2	20.6		20.6			0.008		0.090		0.162			0.826		19.88	6.08
#ZJ#快剪							
#ZK#Z23					
#QY#1	.75	0.20		1.92	2.73	32.1	34.6	19.3																			
#SX# 					
#GJ#常规	20						0.39	4.82									0.878	0.833	0.803	0.764		0.719																			
#GY#																						
%GJ%1	50	0.4792
%GJ%2	100	0.7987
%GJ%3	200	1.2141
%GJ%4	400	1.6933
#KF#试验方法																															
#ZJ#快剪				13.60	29.5		
#QY#2	2.75	0.20		1.80	2.73	40.7	35.2	20.8																			
#SX# 					
#GJ#常规	20						0.78	2.74									1.134	1.039	0.988	0.910		0.796																			
#GY#																						
%GJ%1	50	0.8903
%GJ%2	100	1.3683
%GJ%3	200	2.0993
%GJ%4	400	3.1678
#KF#试验方法																															
#ZJ#快剪				11.84	14.5		
#QY#3	12.75	0.20		1.95	2.71	26.5	29.6	20.5																			
#SX# 					
#GJ#常规	20						0.15	11.72									0.758	0.738	0.726	0.711		0.688																			
#GY#																						
%GJ%1	50	0.2275
%GJ%2	100	0.3641
%GJ%3	200	0.5347
%GJ%4	400	0.7964
#KF#试验方法														14.7	14.7	17.2	55.9	79.4		5.9	.008		.017		.04			.165	5.9	5.00	0.90
#ZJ#快剪				26.87	13.1		
#QY#4	22.75	0.20		1.76	2.75	41.8	40.0	20.3																			
#SX# 					
#GJ#常规	20						0.91	2.43									1.216	1.137	1.064	0.973		0.867																			
#GY#																						
%GJ%1	50	0.7130
%GJ%2	100	1.3718
%GJ%3	200	2.1931
%GJ%4	400	3.1498
#KF#试验方法																															
#ZJ#快剪				9.14	12.6		
#QY#5	32.75	0.20		1.79	2.74	36.1	39.5	21.5																			
#SX# 					
#GJ#常规	20						0.68	3.06									1.083	1.010	0.955	0.887		0.811																			
#GY#																						
%GJ%1	50	0.7009
%GJ%2	100	1.2290
%GJ%3	200	1.8819
%GJ%4	400	2.6116
#KF#试验方法																															
#ZJ#快剪				13.34	17.4		
#QY#6	36.75	0.20		1.94	2.75	29.8	40.5	20.8																			
#SX# 					
#GJ#常规	20						0.19	9.68									0.840	0.824	0.813	0.794		0.763																			
#GY#																						
%GJ%1	50	0.1739
%GJ%2	100	0.2935
%GJ%3	200	0.5000
%GJ%4	400	0.8370
#KF#试验方法																															
#ZJ#快剪				21.06	66.3		
#QY#7	42.75	0.20		2.07	2.71	21.4	24.6	15.3																			
#SX# 					
#GJ#常规	20						0.12	13.24									0.589	0.579	0.571	0.559		0.543																			
#GY#																						
%GJ%1	50	0.1259
%GJ%2	100	0.2266
%GJ%3	200	0.3776
%GJ%4	400	0.5790
#KF#试验方法																															
#ZJ#快剪				27.00	14.3		
#QY#8	58.75	0.20		1.95	2.72	26.7	28.6	16.5																			
#SX# 					
#GJ#常规	20						0.26	6.80									0.767	0.748	0.730	0.704		0.665																			
#GY#0.15	12.19			0.09	18.60													0.607			0.531	
%GJ%1	50	0.2151
%GJ%2	100	0.4188
%GJ%3	200	0.7131
%GJ%4	400	1.1545
%GJ%5	800	1.8110
%GJ%6	1600	2.6712
#KF#试验方法																															
#ZJ#快剪				15.02	41.6		
#QY#9	74.75	0.20		1.85	2.75	38.3	41.2	21.5																			
#SX# 					
#GJ#常规	20						0.28	7.34									1.056	1.035	1.015	0.987		0.938																			
#GY#0.15	14.18			0.09	21.93													0.880			0.805	
%GJ%1	50	0.2043
%GJ%2	100	0.3988
%GJ%3	200	0.6712
%GJ%4	400	1.1479
%GJ%5	800	1.7121
%GJ%6	1600	2.4416
#KF#试验方法																															
#ZJ#快剪				15.80	41.1		
#QY#R1	52.75	0.20	1																								
#SX# 					
#GJ#常规	20																																								
#GY#																						
#KF#试验方法											12.9	22.4		44.5	44.5	20.2		20.2			0.008		0.097		0.220			1.171		25.91	5.01
#ZJ#快剪							
#QY#R2	66.75	0.20	1																								
#SX# 					
#GJ#常规	20																																								
#GY#																						
#KF#试验方法											8.4	11.4		60	60	20.2		20.2			0.008		0.091		0.166			0.883		19.54	5.82
#ZJ#快剪							
#ZK#Z10					
#QY#1	1.1	0.20		1.88	2.73	28.5	34.6	19.3																			
#SX# 					
#GJ#常规	20						0.34	5.49									0.866	0.832	0.807	0.773		0.733																			
#GY#																						
%GJ%1	50	0.3644
%GJ%2	100	0.6324
%GJ%3	200	0.9968
%GJ%4	400	1.4255
#KF#试验方法																															
#ZJ#快剪				16.52	37.8		
#QY#2	3.1	0.20		1.80	2.73	38.9	35.5	20.3																			
#SX# 					
#GJ#常规	20						0.79	2.67									1.107	1.027	0.969	0.890		0.821																			
#GY#																						
%GJ%1	50	0.7594
%GJ%2	100	1.3099
%GJ%3	200	2.0598
%GJ%4	400	2.7148
#KF#试验方法																															
#ZJ#快剪				12.52	16.3		
#QY#3	7.1	0.20		1.95	2.72	24.5	28.6	15.5																			
#SX# 					
#GJ#常规	20						0.18	9.65									0.737	0.722	0.710	0.692		0.671																			
#GY#																						
%GJ%1	50	0.1727
%GJ%2	100	0.3109
%GJ%3	200	0.5181
%GJ%4	400	0.7599
#KF#试验方法																															
#ZJ#快剪				16.60	39.5		
#QY#4	13.1	0.20		1.98	2.71	24.3	27.2	17.6																			
#SX# 					
#GJ#常规	20						0.11	15.47									0.701	0.693	0.686	0.675		0.657																			
#GY#																						
%GJ%1	50	0.0941
%GJ%2	100	0.1764
%GJ%3	200	0.3057
%GJ%4	400	0.5173
#KF#试验方法														20.9	20.9	14.5	51.5	71.9		7.2	.007		.018		.044			.187	7.2	6.29	1.05
#ZJ#快剪				26.96	12.9		
#QY#5	19.1	0.20		1.82	2.73	36.8	33.6	19.3																			
#SX# 					
#GJ#常规	20						0.69	2.97									1.052	1.001	0.956	0.887		0.824																			
#GY#																						
%GJ%1	50	0.4971
%GJ%2	100	0.9357
%GJ%3	200	1.6082
%GJ%4	400	2.2222
#KF#试验方法																															
#ZJ#快剪				12.34	15.9		
#QY#6	25.1	0.20		1.77	2.73	41.0	35.8	20.4																			
#SX# 					
#GJ#常规	20						0.76	2.86									1.175	1.124	1.082	1.006		0.913																			
#GY#																						
%GJ%1	50	0.4690
%GJ%2	100	0.8552
%GJ%3	200	1.5540
%GJ%4	400	2.4092
#KF#试验方法																															
#ZJ#快剪				12.80	17.5		
#QY#7	31.1	0.20		1.78	2.73	39.9	36.6	20.7																			
#SX# 					
#GJ#常规	20						0.77	2.79									1.146	1.094	1.048	0.971		0.922																			
#GY#																						
%GJ%1	50	0.4846
%GJ%2	100	0.9133
%GJ%3	200	1.6309
%GJ%4	400	2.0876
#KF#试验方法																															
#ZJ#快剪				12.58	15.9		
#QY#8	37.1	0.20		1.77	2.73	41.3	36.0	20.4																			
#SX# 					
#GJ#常规	20						0.85	2.56									1.179	1.090	1.034	0.949		0.851																			
#GY#																						
%GJ%1	50	0.8169
%GJ%2	100	1.3309
%GJ%3	200	2.1111
%GJ%4	400	3.0106
#KF#试验方法																															
#ZJ#快剪				12.39	16.9		
#QY#9	38.7	0.20		1.98	2.72	26.4	30.0	18.2																			
#SX# 					
#GJ#常规	20						0.31	5.60									0.736	0.712	0.693	0.662		0.626																			
#GY#																						
%GJ%1	50	0.2765
%GJ%2	100	0.4954
%GJ%3	200	0.8525
%GJ%4	400	1.2673
#KF#试验方法																															
#ZJ#快剪				17.79	37.2		
#QY#10	63.1	0.20		1.94	2.72	29.1	31.5	18.5																			
#SX# 					
#GJ#常规	20						0.29	6.24									0.810	0.771	0.749	0.720		0.679																			
#GY#0.15	12.27			0.08	22.63	0.03	57.92											0.620			0.556	0.506
%GJ%1	50	0.4309
%GJ%2	100	0.6740
%GJ%3	200	0.9945
%GJ%4	400	1.4475
%GJ%5	800	2.0994
%GJ%6	1600	2.8066
%GJ%7	3200	3.3591
#KF#试验方法																															
#ZJ#快剪				15.13	32.6		
#QY#11	70.7	0.20		2.03	2.72	23.2	25.4	13.5																			
#SX# 					
#GJ#常规	20						0.17	9.71									0.651	0.636	0.623	0.606		0.582																			
#GY#0.10	16.93			0.06	28.10	0.04	40.02											0.543			0.496	0.430
%GJ%1	50	0.1817
%GJ%2	100	0.3392
%GJ%3	200	0.5451
%GJ%4	400	0.8359
%GJ%5	800	1.3083
%GJ%6	1600	1.8776
%GJ%7	3200	2.6772
#KF#试验方法														26	26	74		74			0.002		0.006		0.033			0.198		18.44	0.56
#ZJ#快剪				17.54	41.2		
#QY#R1	42.7	0.20	1		2.71	23.5	26.6	17.4																			
#SX# 					
#GJ#常规	20																																								
#GY#																						
#KF#试验方法																															
#ZJ#快剪							
#QY#R2	52.7	0.20	1		2.71	30.2	32.6	23.7																			
#SX# 					
#GJ#常规	20																																								
#GY#																						
#KF#试验方法																															
#ZJ#快剪							
#QY#R3	68.7	0.20	1																								
#SX# 					
#GJ#常规	20																																								
#GY#																						
#KF#试验方法									10.5		17.8	25.4		31.6	31.6	14.7		14.7			0.019		0.133		0.363			3.241		19.29	2.59
#ZJ#快剪							
#QY#R4	74.7	0.20	1																								
#SX# 					
#GJ#常规	20																																								
#GY#																						
#KF#试验方法									9.4		18.8	23.9		31.5	31.5	16.4		16.4			0.014		0.125		0.355			3.072		25.67	3.17
#ZJ#快剪							
#ZK#Z2					
#QY#1	2.7	0.20		1.94	2.73	29.1	33.8	19.3																			
#SX# 					
#GJ#常规	20						0.29	6.26									0.817	0.794	0.775	0.746		0.704																			
#GY#																						
%GJ%1	50	0.2532
%GJ%2	100	0.4623
%GJ%3	200	0.7815
%GJ%4	400	1.2438
#KF#试验方法																															
#ZJ#快剪				16.59	36.3		
#QY#2	4.1	0.20		1.85	2.73	37.6	32.5	18.3																			
#SX# 					
#GJ#常规	20						0.65	3.12									1.031	0.965	0.923	0.858		0.813																			
#GY#																						
%GJ%1	50	0.6499
%GJ%2	100	1.0635
%GJ%3	200	1.7036
%GJ%4	400	2.1467
#KF#试验方法																															
#ZJ#快剪				12.94	16.6		
#QY#3	10.1	0.20		1.96	2.71	27.4	29.8	20.8																			
#SX# 					
#GJ#常规	20						0.15	11.74									0.762	0.750	0.740	0.725		0.703																			
#GY#																						
%GJ%1	50	0.1362
%GJ%2	100	0.2497
%GJ%3	200	0.4200
%GJ%4	400	0.6697
#KF#试验方法														34.2	34.2	16	38.9	60.5		5.3	.009		.022		.066			.209	5.3	7.33	0.81
#ZJ#快剪				26.34	12.5		
#QY#4	22.1	0.20		1.91	2.71	26.6	30.0	21.2																			
#SX# 					
#GJ#常规	20						0.24	7.48									0.796	0.780	0.766	0.742		0.712																			
#GY#																						
%GJ%1	50	0.1782
%GJ%2	100	0.3341
%GJ%3	200	0.6013
%GJ%4	400	0.9354
#KF#试验方法																															
#ZJ#快剪				26.71	13.4		
#QY#5	34.1	0.20		1.72	2.76	48.0	42.2	21.8																			
#SX# 					
#GJ#常规	20						0.98	2.42									1.375	1.295	1.229	1.131		1.013																			
#GY#																						
%GJ%1	50	0.6737
%GJ%2	100	1.2295
%GJ%3	200	2.0547
%GJ%4	400	3.0484
#KF#试验方法																															
#ZJ#快剪				9.04	12.3		
#QY#6	38.7	0.20		1.92	2.74	29.7	39.5	21.5																			
#SX# 					
#GJ#常规	20						0.11	16.83									0.851	0.841	0.834	0.823		0.813																			
#GY#																						
%GJ%1	50	0.1080
%GJ%2	100	0.1837
%GJ%3	200	0.3025
%GJ%4	400	0.4106
#KF#试验方法																															
#ZJ#快剪				20.63	69.5		
#QY#7	61.1	0.20		1.97	2.72	26.4	28.6	17.5																			
#SX# 					
#GJ#常规	20						0.21	8.31									0.745	0.729	0.717	0.696		0.668																			
#GY#0.10	17.02			0.06	30.35													0.627			0.581	
%GJ%1	50	0.1834
%GJ%2	100	0.3209
%GJ%3	200	0.5616
%GJ%4	400	0.8825
%GJ%5	800	1.3524
%GJ%6	1600	1.8797
#KF#试验方法																															
#ZJ#快剪				18.85	45.2		
#QY#R1	42.7	0.20	1		2.71	24.2	26.7	17.0																			
#SX# 					
#GJ#常规	20																																								
#GY#																						
#KF#试验方法																															
#ZJ#快剪							
#QY#R2	46.7	0.20	1		2.71	20.6	24.5	15.2																			
#SX# 					
#GJ#常规	20																																								
#GY#																						
#KF#试验方法																															
#ZJ#快剪							
#QY#R3	52.7	0.20	1																								
#SX# 					
#GJ#常规	20																																								
#GY#																						
#KF#试验方法									.8		13	22.9		44.7	44.7	18.6		18.6			0.010		0.100		0.228			1.264		22.51	4.37
#ZJ#快剪							
#QY#R4	70.7	0.20	1																								
#SX# 					
#GJ#常规	20																																								
#GY#																						
#KF#试验方法											24.9	31.4		25.7	25.7	18		18			0.011		0.131		0.359			1.515		32.36	4.29
#ZJ#快剪							
#ZK#Z51					
#QY#1	.6	0.30		1.89	2.73	32.4	36.8	20.6																			
#SX# 					
#GJ#常规	20						0.42	4.55									0.912	0.869	0.839	0.797		0.746																			
#GY#																						
%GJ%1	50	0.4498
%GJ%2	100	0.7636
%GJ%3	200	1.2029
%GJ%4	400	1.7364
#KF#试验方法																															
#ZJ#快剪				15.08	27.6		
#QY#2	2.7	0.20		1.85	2.72	32.2	33.5	22.2																			
#SX# 					
#GJ#常规	20						0.48	4.05									0.944	0.884	0.846	0.798		0.742																			
#GY#																						
%GJ%1	50	0.6173
%GJ%2	100	1.0082
%GJ%3	200	1.5021
%GJ%4	400	2.0782
#KF#试验方法																															
#ZJ#快剪				15.99	24.5		
#QY#3	10.7	0.20		1.74	2.73	48.3	37.4	21.3																			
#SX# 					
#GJ#常规	20						0.85	2.74									1.327	1.224	1.158	1.073		0.977																			
#GY#																						
%GJ%1	50	0.8853
%GJ%2	100	1.4525
%GJ%3	200	2.1831
%GJ%4	400	3.0082
#KF#试验方法																															
#ZJ#快剪				11.19	13.5		
#QY#4	22.7	0.20		1.85	2.72	33.8	31.2	18.5																			
#SX# 					
#GJ#常规	20						0.47	4.19									0.967	0.911	0.876	0.829		0.772																			
#GY#																						
%GJ%1	50	0.5694
%GJ%2	100	0.9253
%GJ%3	200	1.4032
%GJ%4	400	1.9827
#KF#试验方法																															
#ZJ#快剪				14.02	18.2		
#QY#5	32.7	0.20		1.80	2.75	39.4	42.2	22.2																			
#SX# 					
#GJ#常规	20						0.56	3.80									1.130	1.094	1.060	1.004		0.906																			
#GY#																						
%GJ%1	50	0.3380
%GJ%2	100	0.6573
%GJ%3	200	1.1831
%GJ%4	400	2.1033
#KF#试验方法																															
#ZJ#快剪				12.96	21.7		
#QY#6	38.7	0.20		1.98	2.72	22.6	30.5	18.2																			
#SX# 					
#GJ#常规	20						0.16	10.53									0.684	0.673	0.663	0.647		0.623																			
#GY#																						
%GJ%1	50	0.1306
%GJ%2	100	0.2494
%GJ%3	200	0.4394
%GJ%4	400	0.7245
#KF#试验方法																															
#ZJ#快剪				21.17	71.7		
#QY#7	42.7	0.20		2.02	2.71	23.4	26.5	17.8																			
#SX# 					
#GJ#常规	20						0.09	18.39									0.656	0.649	0.644	0.635		0.623																			
#GY#																						
%GJ%1	50	0.0845
%GJ%2	100	0.1449
%GJ%3	200	0.2536
%GJ%4	400	0.3986
#KF#试验方法																															
#ZJ#快剪				26.54	12.1		
#QY#8	50.7	0.20		1.97	2.71	25.6	28.6	19.4																			
#SX# 					
#GJ#常规	20						0.09	19.20									0.728	0.721	0.715	0.706		0.698																			
#GY#																						
%GJ%1	50	0.0810
%GJ%2	100	0.1505
%GJ%3	200	0.2546
%GJ%4	400	0.3472
#KF#试验方法																															
#ZJ#快剪				26.96	13.6		
#QY#9	60.7	0.20		1.97	2.72	23.8	25.6	13.5																			
#SX# 					
#GJ#常规	20						0.21	8.14									0.709	0.682	0.665	0.644		0.616																			
#GY#0.10	17.09			0.06	29.09													0.576			0.529	
%GJ%1	50	0.3160
%GJ%2	100	0.5149
%GJ%3	200	0.7607
%GJ%4	400	1.0884
%GJ%5	800	1.5565
%GJ%6	1600	2.1065
#KF#试验方法																															
#ZJ#快剪							
#QY#10	70.7	0.20		1.95	2.72	26.5	28.8	16.3																			
#SX# 					
#GJ#常规	20						0.36	4.90									0.765	0.725	0.698	0.662		0.614																			
#GY#0.12	15.35			0.08	21.72													0.568			0.503	
%GJ%1	50	0.4533
%GJ%2	100	0.7592
%GJ%3	200	1.1671
%GJ%4	400	1.7110
%GJ%5	800	2.2323
%GJ%6	1600	2.9688
#KF#试验方法																															
#ZJ#快剪				13.65	28.4		
#QY#R1	54.7	0.20	1																								
#SX# 					
#GJ#常规	20																																								
#GY#																						
#KF#试验方法											25	31.1		26.1	26.1	17.8		17.8			0.011		0.130		0.358			1.515		31.67	4.21
#ZJ#快剪							
#QY#R2	64.7	0.20	1																								
#SX# 					
#GJ#常规	20																																								
#GY#																						
#KF#试验方法											25	31.2		25.7	25.7	18.1		18.1			0.011		0.130		0.358			1.516		33.14	4.33
#ZJ#快剪							
#QY#R3	74.7	0.20	1																								
#SX# 					
#GJ#常规	20																																								
#GY#																						
#KF#试验方法						13.9			12.8		45.2	6.6		4.3	4.3	17.2		17.2			0.012		0.531		1.334			31.246		108.85	17.22
#ZJ#快剪							
#ZK#Z36					
#QY#1	1.1	0.30		1.96	2.73	29.3	34.6	19.3																			
#SX# 					
#GJ#常规	20						0.33	5.46									0.801	0.777	0.758	0.725		0.688																			
#GY#																						
%GJ%1	50	0.2665
%GJ%2	100	0.4775
%GJ%3	200	0.8440
%GJ%4	400	1.2549
#KF#试验方法																															
#ZJ#快剪				15.11	35.6		
#QY#2	2.7	0.20		1.87	2.73	33.5	35.2	20.5																			
#SX# 					
#GJ#常规	20						0.50	3.90									0.949	0.881	0.849	0.799		0.743																			
#GY#																						
%GJ%1	50	0.6978
%GJ%2	100	1.0262
%GJ%3	200	1.5393
%GJ%4	400	2.1139
#KF#试验方法																															
#ZJ#快剪				13.50	25.2		
#QY#3	6.7	0.20		1.92	2.71	27.1	29.6	20.5																			
#SX# 					
#GJ#常规	20						0.09	19.93									0.794	0.787	0.781	0.772		0.764																			
#GY#																						
%GJ%1	50	0.0780
%GJ%2	100	0.1449
%GJ%3	200	0.2453
%GJ%4	400	0.3344
#KF#试验方法																															
#ZJ#快剪				26.48	13.0		
#QY#4	16.7	0.20		1.95	2.71	25.9	28.6	19.8																			
#SX# 					
#GJ#常规	20						0.13	13.46									0.750	0.741	0.734	0.721		0.706																			
#GY#																						
%GJ%1	50	0.1029
%GJ%2	100	0.1829
%GJ%3	200	0.3314
%GJ%4	400	0.5029
#KF#试验方法														32.7	32.7	21.5	35.3	63.1		4.2	.01		.025		.067			.207	4.2	6.70	0.93
#ZJ#快剪				27.29	12.0		
#QY#5	22.7	0.20		1.87	2.72	32.3	30.5	18.3																			
#SX# 					
#GJ#常规	20						0.53	3.63									0.924	0.875	0.845	0.792		0.757																			
#GY#																						
%GJ%1	50	0.5094
%GJ%2	100	0.8212
%GJ%3	200	1.3721
%GJ%4	400	1.7360
#KF#试验方法																															
#ZJ#快剪				14.69	18.2		
#QY#6	32.7	0.20		1.78	2.73	40.0	37.2	21.2																			
#SX# 					
#GJ#常规	20						0.79	2.72									1.147	1.081	1.025	0.946		0.847																			
#GY#																						
%GJ%1	50	0.6148
%GJ%2	100	1.1365
%GJ%3	200	1.8724
%GJ%4	400	2.7946
#KF#试验方法																															
#ZJ#快剪				11.21	13.4		
#QY#7	38.7	0.20		1.94	2.72	28.5	32.8	19.3																			
#SX# 					
#GJ#常规	20						0.19	9.48									0.802	0.789	0.778	0.759		0.728																			
#GY#																						
%GJ%1	50	0.1443
%GJ%2	100	0.2664
%GJ%3	200	0.4772
%GJ%4	400	0.8213
#KF#试验方法																															
#ZJ#快剪				18.86	48.6		
#QY#8	44.7	0.20		2.04	2.71	22.9	25.5	16.8																			
#SX# 					
#GJ#常规	20						0.13	12.56									0.633	0.624	0.617	0.604		0.587																			
#GY#																						
%GJ%1	50	0.1102
%GJ%2	100	0.1960
%GJ%3	200	0.3552
%GJ%4	400	0.5634
#KF#试验方法																															
#ZJ#快剪				27.82	13.5		
#QY#9	50.7	0.20		2.01	2.71	22.6	25.0	16.5																			
#SX# 					
#GJ#常规	20						0.12	13.77									0.653	0.645	0.638	0.626		0.607																			
#GY#																						
%GJ%1	50	0.0968
%GJ%2	100	0.1815
%GJ%3	200	0.3267
%GJ%4	400	0.5566
#KF#试验方法																															
#ZJ#快剪				27.51	13.1		
#QY#10	60.7	0.20		1.96	2.72	25.7	28.1	16.3																			
#SX# 					
#GJ#常规	20						0.36	4.85									0.744	0.699	0.673	0.637		0.590																			
#GY#0.13	13.95			0.08	22.87													0.540			0.479	
%GJ%1	50	0.5161
%GJ%2	100	0.8142
%GJ%3	200	1.2271
%GJ%4	400	1.7661
%GJ%5	800	2.3394
%GJ%6	1600	3.0390
#KF#试验方法																															
#ZJ#快剪				16.93	24.6		
#QY#11	70.7	0.20		1.89	2.73	31.6	33.5	19.3																			
#SX# 					
#GJ#常规	20						0.36	5.28									0.901	0.866	0.835	0.799		0.750																			
#GY#0.14	13.34			0.09	20.55													0.693			0.619	
%GJ%1	50	0.3682
%GJ%2	100	0.6944
%GJ%3	200	1.0731
%GJ%4	400	1.5886
%GJ%5	800	2.1883
%GJ%6	1600	2.9669
#KF#试验方法																															
#ZJ#快剪				13.97	32.6		
#QY#R1	54.7	0.20	1																								
#SX# 					
#GJ#常规	20																																								
#GY#																						
#KF#试验方法									1.1		13.6	22.2		43.7	43.7	19.4		19.4			0.009		0.099		0.229			1.336		24.86	4.64
#ZJ#快剪							
#QY#R2	66.7	0.20	1																								
#SX# 					
#GJ#常规	20																																								
#GY#																						
#KF#试验方法											25.1	31.2		26.1	26.1	17.6		17.6			0.012		0.132		0.360			1.519		30.88	4.15
#ZJ#快剪							
#ZK#Z21					
#QY#01	1.1	0.30		1.94	2.73	29.8	34.6	19.3																	60.98	37.77	1.61
#SX# 					
#GJ#常规	20						0.21	8.70									0.827	0.812	0.799	0.778		0.750																			
#GY#																						
%GJ%1	50	0.1642
%GJ%2	100	0.3065
%GJ%3	200	0.5364
%GJ%4	400	0.8429
#KF#试验方法																															
#ZJ#快剪							
#QY#02	2.6	0.30		1.88	2.73	35.0	36.6	22.5																	45.44	29.17	1.56
#SX# 					
#GJ#常规	20						0.42	4.67									0.960	0.932	0.906	0.864		0.811																			
#GY#																						
%GJ%1	50	0.2857
%GJ%2	100	0.5510
%GJ%3	200	0.9796
%GJ%4	400	1.5204
#KF#试验方法																															
#ZJ#快剪							
#QY#03	12.6	0.30		2.03	2.72	24.3	30.0	18.0																	117.96	76.12	1.55
#SX# 					
#GJ#常规	20						0.23	7.24									0.665	0.650	0.637	0.614		0.589																			
#GY#																						
%GJ%1	50	0.1802
%GJ%2	100	0.3363
%GJ%3	200	0.6126
%GJ%4	400	0.9129
#KF#试验方法																															
#ZJ#快剪							
#QY#04	22.7	0.20		1.80	2.73	38.4	36.6	20.7																			
#SX# 					
#GJ#常规	20						0.57	3.68									1.099	1.054	1.017	0.960		0.888																			
#GY#																						
%GJ%1	50	0.4288
%GJ%2	100	0.7813
%GJ%3	200	1.3244
%GJ%4	400	2.0105
#KF#试验方法																															
#ZJ#快剪				11.48	15.7		
#QY#05	32.7	0.20		1.79	2.74	39.2	38.8	21.5																			
#SX# 					
#GJ#常规	20						0.64	3.33									1.131	1.090	1.054	0.990		0.906																			
#GY#																						
%GJ%1	50	0.3848
%GJ%2	100	0.7227
%GJ%3	200	1.3233
%GJ%4	400	2.1117
#KF#试验方法																															
#ZJ#快剪				11.18	13.5		
#QY#06	38.7	0.20		1.97	2.73	27.9	37.8	21.5																			
#SX# 					
#GJ#常规	20						0.14	12.66									0.772	0.757	0.746	0.732		0.712																			
#GY#																						
%GJ%1	50	0.1693
%GJ%2	100	0.2935
%GJ%3	200	0.4515
%GJ%4	400	0.6772
#KF#试验方法																															
#ZJ#快剪				22.70	66.5		
#QY#07	44.7	0.20		1.98	2.71	23.0	26.5	16.8																			
#SX# 					
#GJ#常规	20						0.20	8.42									0.683	0.663	0.652	0.632		0.595																			
#GY#																						
%GJ%1	50	0.2377
%GJ%2	100	0.3684
%GJ%3	200	0.6061
%GJ%4	400	1.0458
#KF#试验方法																															
#ZJ#快剪				27.26	13.4		
#QY#08	48.7	0.20		2.10	2.71	20.0	24.5	15.5																			
#SX# 					
#GJ#常规	20						0.11	14.08									0.549	0.537	0.528	0.517		0.501																			
#GY#																						
%GJ%1	50	0.1549
%GJ%2	100	0.2711
%GJ%3	200	0.4132
%GJ%4	400	0.6198
#KF#试验方法																															
#ZJ#快剪				25.48	12.1		
#QY#09	60.7	0.20		1.98	2.72	22.5	27.5	16.2																			
#SX# 					
#GJ#常规	20						0.23	7.32									0.683	0.666	0.651	0.628		0.594																			
#GY#0.10	16.83			0.07	24.48	0.04	47.24											0.554			0.499	0.442
%GJ%1	50	0.2020
%GJ%2	100	0.3803
%GJ%3	200	0.6536
%GJ%4	400	1.0576
%GJ%5	800	1.5330
%GJ%6	1600	2.1866
%GJ%7	3200	2.8639
#KF#试验方法																															
#ZJ#快剪				18.43	45.1		
#QY#10	70.7	0.20		1.98	2.72	25.2	29.5	17.2																			
#SX# 					
#GJ#常规	20						0.30	5.73									0.720	0.694	0.671	0.641		0.602																			
#GY#0.10	17.20			0.07	25.02	0.04	41.07											0.562			0.507	0.440
%GJ%1	50	0.3023
%GJ%2	100	0.5698
%GJ%3	200	0.9186
%GJ%4	400	1.3721
%GJ%5	800	1.8372
%GJ%6	1600	2.4767
%GJ%7	3200	3.2558
#KF#试验方法																															
#ZJ#快剪				16.39	34.6		
#QY#R1	54.7	0.20	1																								
#SX# 					
#GJ#常规	20																																								
#GY#																						
#KF#试验方法									6.4		24.2	26.5		31.3	31.3	11.6		11.6			0.041		0.151		0.391			2.450		9.57	1.43
#ZJ#快剪							
#QY#R2	64.7	0.20	1																								
#SX# 					
#GJ#常规	20																																								
#GY#																						
#KF#试验方法											3.8	11.7		66.9	66.9	17.6		17.6			0.012		0.093		0.160			0.468		13.74	4.63
#ZJ#快剪							
#QY#R3	74.7	0.20	1																								
#SX# 					
#GJ#常规	20																																								
#GY#																						
#KF#试验方法									5.9		24.4	26.6		31.7	31.7	11.4		11.4			0.044		0.151		0.388			2.285		8.84	1.33
#ZJ#快剪							
#ZK#Z94					
#QY#01	1.1	0.20		1.95	2.73	27.9	34.6	19.3																			
#SX# 					
#GJ#常规	20						0.32	5.60									0.791	0.766	0.746	0.714		0.676																			
#GY#																						
%GJ%1	50	0.2792
%GJ%2	100	0.5025
%GJ%3	200	0.8599
%GJ%4	400	1.2842
#KF#试验方法																															
#ZJ#快剪				15.04	30.6		
#QY#02	2.7	0.20		1.89	2.73	31.9	33.6	19.2																			
#SX# 					
#GJ#常规	20						0.40	4.76									0.905	0.876	0.853	0.813		0.763																			
#GY#																						
%GJ%1	50	0.3045
%GJ%2	100	0.5459
%GJ%3	200	0.9659
%GJ%4	400	1.4908
#KF#试验方法																															
#ZJ#快剪				13.18	25.2		
#QY#03	4.7	0.20		1.93	2.71	26.1	29.6	20.5																			
#SX# 					
#GJ#常规	20						0.16	11.07									0.771	0.760	0.750	0.734		0.713																			
#GY#																						
%GJ%1	50	0.1242
%GJ%2	100	0.2372
%GJ%3	200	0.4178
%GJ%4	400	0.6550
#KF#试验方法																6.1	77.5	90.8		9.2	.005		.014		.025			.054	9.2	5.00	1.57
#ZJ#快剪				27.40	13.5		
#QY#04	14.7	0.20		1.89	2.71	30.9	33.6	24.5																			
#SX# 					
#GJ#常规	20						0.17	11.04									0.877	0.865	0.855	0.838		0.815																			
#GY#																						
%GJ%1	50	0.1279
%GJ%2	100	0.2344
%GJ%3	200	0.4156
%GJ%4	400	0.6606
#KF#试验方法																4.6	79.1	89.7		10.3	.005		.013		.024			.048	10.3	4.80	1.41
#ZJ#快剪				27.23	12.2		
#QY#05	28.7	0.20		1.74	2.73	48.7	37.5	21.3																			
#SX# 					
#GJ#常规	20						1.01	2.31									1.333	1.249	1.173	1.072		0.960																			
#GY#																						
%GJ%1	50	0.7201
%GJ%2	100	1.3716
%GJ%3	200	2.2375
%GJ%4	400	3.1976
#KF#试验方法																															
#ZJ#快剪				10.21	13.3		
#QY#06	38.7	0.20		1.81	2.73	37.0	35.5	20.4																			
#SX# 					
#GJ#常规	20						0.65	3.18									1.066	1.008	0.959	0.894		0.813																			
#GY#																						
%GJ%1	50	0.5615
%GJ%2	100	1.0358
%GJ%3	200	1.6651
%GJ%4	400	2.4492
#KF#试验方法																															
#ZJ#快剪				13.77	16.2		
#QY#07	42.7	0.20		1.97	2.71	22.8	26.3	17.3																			
#SX# 					
#GJ#常规	20						0.18	9.38									0.689	0.677	0.667	0.649		0.630																			
#GY#																						
%GJ%1	50	0.1421
%GJ%2	100	0.2605
%GJ%3	200	0.4737
%GJ%4	400	0.6986
#KF#试验方法																															
#ZJ#快剪				26.30	14.4		
#QY#08	52.7	0.20																									
#SX# 					
#GJ#常规	20																																								
#GY#																						
#KF#试验方法											.6	2.8		67.8	67.8	28.8		28.8			0.004		0.077		0.129			0.243		28.86	10.11
#ZJ#快剪							
#QY#09	60.1	0.20		1.88	2.72	28.5	31.5	18.4																			
#SX# 					
#GJ#常规	20						0.40	4.65									0.859	0.819	0.785	0.745		0.700																			
#GY#																						
%GJ%1	50	0.4303
%GJ%2	100	0.7961
%GJ%3	200	1.2265
%GJ%4	400	1.7106
#KF#试验方法																															
#ZJ#快剪				13.98	28.6		
#QY#10	63.7	0.20																									
#SX# 					
#GJ#常规	20																																								
#GY#																						
#KF#试验方法																															
#ZJ#快剪							
#QY#11	69.7	0.20																									
#SX# 					
#GJ#常规	20																																								
#GY#																						
#KF#试验方法																															
#ZJ#快剪							
#ZK#Z63					
#QY#01	1.7	0.20		1.95	2.72	27.5	32.5	18.6																	95.16	48.27	1.97
#SX# 					
#GJ#常规	20						0.38	4.68									0.778	0.748	0.720	0.682		0.639																			
#GY#																						
%GJ%1	50	0.3375
%GJ%2	100	0.6524
%GJ%3	200	1.0799
%GJ%4	400	1.5636
#KF#试验方法																															
#ZJ#快剪							
#QY#02	2.7	0.20		1.87	2.72	30.0	32.2	18.3																	48.67	24.24	2.01
#SX# 					
#GJ#常规	20						0.47	4.02									0.891	0.853	0.825	0.778		0.717																			
#GY#																						
%GJ%1	50	0.4019
%GJ%2	100	0.6980
%GJ%3	200	1.1951
%GJ%4	400	1.8403
#KF#试验方法																															
#ZJ#快剪							
#QY#03	3.7	0.20																									
#SX# 					
#GJ#常规	20																																								
#GY#																						
#KF#试验方法											.6	4		67.9	67.9	27.5		27.5			0.005		0.078		0.132			0.249		27.56	9.64
#ZJ#快剪							
#QY#04	13.7	0.20		1.95	2.71	26.1	29.6	20.2																	108.26		
#SX# 					
#GJ#常规	20						0.18	9.74									0.752	0.740	0.730	0.712		0.691																			
#GY#																						
%GJ%1	50	0.1370
%GJ%2	100	0.2511
%GJ%3	200	0.4566
%GJ%4	400	0.6963
#KF#试验方法																7.7	77.7	91		9.0	.006		.014		.025			.058	9.0	4.17	1.31
#ZJ#快剪							
#QY#05	21.7	0.20		1.82	2.73	37.2	33.3	18.8																			
#SX# 					
#GJ#常规	20						0.72	2.86									1.058	1.006	0.958	0.886		0.817																			
#GY#																						
%GJ%1	50	0.5053
%GJ%2	100	0.9718
%GJ%3	200	1.6715
%GJ%4	400	2.3421
#KF#试验方法																															
#ZJ#快剪				11.30	13.1		
#QY#06	31.7	0.20		1.77	2.73	41.6	36.6	20.7																			
#SX# 					
#GJ#常规	20						0.80	2.73									1.184	1.122	1.064	0.984		0.894																			
#GY#																						
%GJ%1	50	0.5678
%GJ%2	100	1.0989
%GJ%3	200	1.8315
%GJ%4	400	2.6557
#KF#试验方法																															
#ZJ#快剪				10.64	14.6		
#QY#07	37.7	0.20		1.81	2.73	34.0	34.8	19.7																			
#SX# 					
#GJ#常规	20						0.58	3.48									1.021	0.978	0.939	0.881		0.811																			
#GY#																						
%GJ%1	50	0.4255
%GJ%2	100	0.8115
%GJ%3	200	1.3855
%GJ%4	400	2.0782
#KF#试验方法																															
#ZJ#快剪				12.74	20.7		
#QY#08	39	0.20		1.94	2.71	26.1	29.6	20.5																			
#SX# 					
#GJ#常规	20						0.18	9.79									0.762	0.751	0.741	0.723		0.700																			
#GY#																						
%GJ%1	50	0.1249
%GJ%2	100	0.2384
%GJ%3	200	0.4427
%GJ%4	400	0.7037
#KF#试验方法																															
#ZJ#快剪				25.19	14.6		
#QY#09	40.7	0.20		2.00	2.71	26.0	28.9	19.6																			
#SX# 					
#GJ#常规	20						0.15	11.38									0.707	0.696	0.686	0.671		0.652																			
#GY#																						
%GJ%1	50	0.1289
%GJ%2	100	0.2460
%GJ%3	200	0.4218
%GJ%4	400	0.6444
#KF#试验方法																															
#ZJ#快剪				27.32	13.5		
#QY#10	42.7	0.20																									
#SX# 					
#GJ#常规	20																																								
#GY#																						
#KF#试验方法											1.2	5		66.6	66.6	27.2		27.2			0.005		0.079		0.134			0.292		27.51	9.44
#ZJ#快剪							
#QY#11	50.7	0.20		1.89	2.71	27.6	30.5	21.0																			
#SX# 					
#GJ#常规	20						0.25	7.32									0.830	0.813	0.799	0.774		0.741																			
#GY#																						
%GJ%1	50	0.1858
%GJ%2	100	0.3388
%GJ%3	200	0.6120
%GJ%4	400	0.9727
#KF#试验方法																															
#ZJ#快剪				26.45	14.2		
#QY#12	56.7	0.20		1.91	2.72	26.8	28.6	16.6																			
#SX# 					
#GJ#常规	20						0.34	5.31									0.806	0.771	0.743	0.709		0.666																			
#GY#0.10	19.01			0.07	25.80	0.05	38.02											0.628			0.572	0.496
%GJ%1	50	0.3876
%GJ%2	100	0.6977
%GJ%3	200	1.0742
%GJ%4	400	1.5504
%GJ%5	800	1.9712
%GJ%6	1600	2.5914
%GJ%7	3200	3.4330
#KF#试验方法																															
#ZJ#快剪				14.50	30.3		
#QY#13	60.7	0.20																									
#SX# 					
#GJ#常规	20																																								
#GY#																						
#KF#试验方法																															
#ZJ#快剪							
#QY#14	64.7	0.20		1.97	2.72	25.6	27.8	15.2																			
#SX# 					
#GJ#常规	20						0.31	5.59									0.734	0.708	0.683	0.652		0.611																			
#GY#0.10	18.25			0.07	26.17	0.04	40.21											0.573			0.520	0.451
%GJ%1	50	0.2999
%GJ%2	100	0.5882
%GJ%3	200	0.9458
%GJ%4	400	1.4187
%GJ%5	800	1.8570
%GJ%6	1600	2.4683
%GJ%7	3200	3.2641
#KF#试验方法																															
#ZJ#快剪				14.66	30.6		
#QY#15	68.7	0.20																									
#SX# 					
#GJ#常规	20																																								
#GY#																						
#KF#试验方法												2.4		69.2	69.2	28.4		28.4			0.005		0.077		0.129			0.239		28.17	10.09
#ZJ#快剪							
#QY#16	74.7	0.20																									
#SX# 					
#GJ#常规	20																																								
#GY#																						
#KF#试验方法																															
#ZJ#快剪							
#ZK#Z57					
#QY#01	.6	0.30		1.95	2.72	26.8	31.2	18.3																	75.51	41.76	1.81
#SX# 					
#GJ#常规	20						0.33	5.36									0.769	0.745	0.726	0.693		0.655																			
#GY#																						
%GJ%1	50	0.2713
%GJ%2	100	0.4862
%GJ%3	200	0.8592
%GJ%4	400	1.2889
#KF#试验方法																															
#ZJ#快剪							
#QY#02	2.7	0.20		1.92	2.73	26.4	33.3	18.8																	99.33	51.86	1.92
#SX# 					
#GJ#常规	20						0.35	5.14									0.797	0.774	0.754	0.719		0.676																			
#GY#																						
%GJ%1	50	0.2560
%GJ%2	100	0.4786
%GJ%3	200	0.8681
%GJ%4	400	1.3467
#KF#试验方法																															
#ZJ#快剪							
#QY#03	6.7	0.20		1.89	2.72	31.2	32.2	18.5																	50.51	25.98	1.94
#SX# 					
#GJ#常规	20						0.51	3.70									0.888	0.854	0.828	0.777		0.722																			
#GY#																						
%GJ%1	50	0.3602
%GJ%2	100	0.6356
%GJ%3	200	1.1758
%GJ%4	400	1.7585
#KF#试验方法																															
#ZJ#快剪							
#QY#04	16.7	0.20		1.96	2.71	24.3	27.5	17.8																			
#SX# 					
#GJ#常规	20						0.20	8.59									0.719	0.707	0.696	0.676		0.650																			
#GY#																						
%GJ%1	50	0.1396
%GJ%2	100	0.2676
%GJ%3	200	0.5003
%GJ%4	400	0.8028
#KF#试验方法																10.8	75.6	92.1		7.9	.008		.015		.027			.062	7.9	3.38	1.04
#ZJ#快剪				27.26	13.5		
#QY#05	24.7	0.20		1.81	2.73	33.2	35.5	20.5																			
#SX# 					
#GJ#常规	20						0.60	3.35									1.009	0.967	0.928	0.868		0.753																			
#GY#																						
%GJ%1	50	0.4181
%GJ%2	100	0.8064
%GJ%3	200	1.4037
%GJ%4	400	2.5485
#KF#试验方法																															
#ZJ#快剪				15.33	21.6		
#QY#06	32.7	0.20		1.80	2.76	42.2	44.5	22.6																			
#SX# 					
#GJ#常规	20						0.55	3.96									1.180	1.141	1.110	1.055		0.984																			
#GY#																						
%GJ%1	50	0.3578
%GJ%2	100	0.6422
%GJ%3	200	1.1468
%GJ%4	400	1.7982
#KF#试验方法																															
#ZJ#快剪				13.40	23.4		
#QY#07	38.7	0.20		2.02	2.73	24.8	35.4	20.3																			
#SX# 					
#GJ#常规	20						0.15	11.24									0.687	0.677	0.668	0.653		0.629																			
#GY#																						
%GJ%1	50	0.1186
%GJ%2	100	0.2253
%GJ%3	200	0.4031
%GJ%4	400	0.6876
#KF#试验方法																															
#ZJ#快剪				21.47	61.3		
#QY#08	42.7	0.20		1.96	2.71	23.5	26.8	17.6																			
#SX# 					
#GJ#常规	20						0.24	7.11									0.708	0.688	0.674	0.650		0.626																			
#GY#																						
%GJ%1	50	0.2342
%GJ%2	100	0.3981
%GJ%3	200	0.6792
%GJ%4	400	0.9602
#KF#试验方法																															
#ZJ#快剪				26.76	14.4		
#QY#09	48.7	0.20		2.05	2.71	23.1	25.8	16.6																			
#SX# 					
#GJ#常规	20						0.11	14.79									0.627	0.615	0.606	0.595		0.582																			
#GY#																						
%GJ%1	50	0.1475
%GJ%2	100	0.2581
%GJ%3	200	0.3934
%GJ%4	400	0.5532
#KF#试验方法																															
#ZJ#快剪				26.92	13.4		
#QY#10	60.7	0.20																									
#SX# 					
#GJ#常规	20																																								
#GY#																						
#KF#试验方法											10.4	14.5		51.2	51.2	23.9		23.9			0.006		0.086		0.174			1.025		28.64	6.97
#ZJ#快剪							
#QY#11	70.7	0.20		1.93	2.72	25.6	28.4	16.4																			
#SX# 					
#GJ#常规	20						0.30	5.90									0.770	0.752	0.735	0.705		0.659																			
#GY#0.11	15.73			0.08	22.13	0.04	40.46											0.614			0.550	0.480
%GJ%1	50	0.2034
%GJ%2	100	0.3955
%GJ%3	200	0.7345
%GJ%4	400	1.2542
%GJ%5	800	1.7627
%GJ%6	1600	2.4859
%GJ%7	3200	3.2768
#KF#试验方法																															
#ZJ#快剪				15.50	31.6		
#QY#R1	54.7	0.20	1																								
#SX# 					
#GJ#常规	20																																								
#GY#																						
#KF#试验方法									1.9		8.8	34.1		39.6	39.6	15.6		15.6			0.016		0.115		0.276			1.228		17.24	3.00
#ZJ#快剪							
#QY#R2	66.7	0.20	1																								
#SX# 					
#GJ#常规	20																																								
#GY#																						
#KF#试验方法											7	7.6		53.9	53.9	31.5		31.5			0.004		0.061		0.141			0.748		35.74	6.71
#ZJ#快剪							
#QY#R3	72.7	0.20	1																								
#SX# 					
#GJ#常规	20																																								
#GY#																						
#KF#试验方法									2		9.6	33.5		38.1	38.1	16.8		16.8			0.013		0.112		0.277			1.296		21.28	3.49
#ZJ#快剪							
#QY#R4	73.7	0.20	1																								
#SX# 					
#GJ#常规	20																																								
#GY#																						
#KF#试验方法									.9		21.4	38.7		28	28	11		11			0.051		0.169		0.365			1.541		7.12	1.54
#ZJ#快剪							
#QY#R5	74.7	0.20	1																								
#SX# 					
#GJ#常规	20																																								
#GY#																						
#KF#试验方法									2.3		9.6	33.2		38.1	38.1	16.8		16.8			0.013		0.113		0.278			1.349		21.26	3.48
#ZJ#快剪							
#ZK#Z99					
#QY#01	1.1	0.20		1.91	2.72	29.0	32.6	18.6																	45.93	24.65	1.86
#SX# 					
#GJ#常规	20						0.31	5.93									0.837	0.804	0.782	0.751		0.716																			
#GY#																						
%GJ%1	50	0.3593
%GJ%2	100	0.5988
%GJ%3	200	0.9363
%GJ%4	400	1.3174
#KF#试验方法																															
#ZJ#快剪							
#QY#02	1.5	0.20		1.91	2.73	30.8	35.2	20.3																	44.56	24.77	1.80
#SX# 					
#GJ#常规	20						0.40	4.67									0.870	0.839	0.809	0.769		0.723																			
#GY#																						
%GJ%1	50	0.3316
%GJ%2	100	0.6524
%GJ%3	200	1.0802
%GJ%4	400	1.5722
#KF#试验方法																															
#ZJ#快剪							
#QY#03	4.1	0.20		1.90	2.72	27.1	29.9	19.2																	56.91	32.30	1.76
#SX# 					
#GJ#常规	20						0.29	6.27									0.820	0.797	0.782	0.753		0.709																			
#GY#																						
%GJ%1	50	0.2527
%GJ%2	100	0.4176
%GJ%3	200	0.7363
%GJ%4	400	1.2198
#KF#试验方法																															
#ZJ#快剪							
#QY#04	4.5	0.20		1.97	2.72	26.6	29.5	19.0																	113.37	61.16	1.85
#SX# 					
#GJ#常规	20						0.25	6.99									0.748	0.730	0.714	0.689		0.658																			
#GY#																						
%GJ%1	50	0.2059
%GJ%2	100	0.3890
%GJ%3	200	0.6751
%GJ%4	400	1.0297
#KF#试验方法																															
#ZJ#快剪							
#QY#05	6.1	0.20		1.95	2.71	24.1	29.3	20.3																	116.64		
#SX# 					
#GJ#常规	20						0.19	9.08									0.725	0.714	0.705	0.686		0.658																			
#GY#																						
%GJ%1	50	0.1275
%GJ%2	100	0.2319
%GJ%3	200	0.4522
%GJ%4	400	0.7768
#KF#试验方法																4.6	81.8	92.7		7.3	.007		.014		.025			.048	7.3	3.57	1.12
#ZJ#快剪							
#QY#06	6.5	0.20		1.98	2.71	23.1	28.9	19.6																	204.10		
#SX# 					
#GJ#常规	20						0.17	9.91									0.685	0.670	0.658	0.641		0.620																			
#GY#																						
%GJ%1	50	0.1780
%GJ%2	100	0.3205
%GJ%3	200	0.5223
%GJ%4	400	0.7715
#KF#试验方法																1.8	83.5	90.5		9.5	.005		.014		.023			.044	9.5	4.60	1.70
#ZJ#快剪							
#QY#07	8.1	0.20		1.96	2.71	23.9	30.1	21.0																	99.08		
#SX# 					
#GJ#常规	20						0.15	11.42									0.713	0.689	0.674	0.659		0.641																			
#GY#																						
%GJ%1	50	0.2802
%GJ%2	100	0.4553
%GJ%3	200	0.6305
%GJ%4	400	0.8406
#KF#试验方法																6.1	77.3	89.5		10.5	.005		.013		.024			.054	10.5	4.80	1.41
#ZJ#快剪							
#QY#08	8.5	0.20		1.97	2.71	25.6	30.5	21.0																	108.34		
#SX# 					
#GJ#常规	20						0.13	13.29									0.728	0.719	0.712	0.699		0.682																			
#GY#																						
%GJ%1	50	0.1042
%GJ%2	100	0.1852
%GJ%3	200	0.3356
%GJ%4	400	0.5324
#KF#试验方法																3.2	78.5	88.1		11.9	.004		.013		.023			.046	11.9	5.75	1.84
#ZJ#快剪							
#QY#09	10.1	0.20		1.97	2.71	25.6	29.5	20.3																	90.50		
#SX# 					
#GJ#常规	20						0.12	14.40									0.728	0.715	0.706	0.694		0.685																			
#GY#																						
%GJ%1	50	0.1505
%GJ%2	100	0.2546
%GJ%3	200	0.3935
%GJ%4	400	0.4977
#KF#试验方法																10.8	75.8	91.9		8.1	.007		.015		.027			.062	8.1	3.86	1.19
#ZJ#快剪							
#QY#10	10.5	0.20		1.98	2.71	24.2	27.6	17.7																	86.00		
#SX# 					
#GJ#常规	20						0.18	9.44									0.700	0.686	0.673	0.655		0.632																			
#GY#																						
%GJ%1	50	0.1647
%GJ%2	100	0.3176
%GJ%3	200	0.5294
%GJ%4	400	0.8000
#KF#试验方法																5.8	78.9	91.1		8.9	.006		.014		.025			.053	8.9	4.17	1.31
#ZJ#快剪							
#QY#11	12.1	0.20		1.99	2.71	21.9	25.5	16.3																	72.94		
#SX# 					
#GJ#常规	20						0.14	11.86									0.660	0.651	0.643	0.629		0.610																			
#GY#																						
%GJ%1	50	0.1084
%GJ%2	100	0.2048
%GJ%3	200	0.3735
%GJ%4	400	0.6024
#KF#试验方法																3.2	81.8	91.2		8.8	.006		.014		.024			.046	8.8	4.00	1.36
#ZJ#快剪							
#QY#12	12.5	0.20		1.98	2.71	23.8	26.2	16.5																	65.26		
#SX# 					
#GJ#常规	20						0.20	8.47									0.694	0.670	0.655	0.635		0.616																			
#GY#																						
%GJ%1	50	0.2834
%GJ%2	100	0.4604
%GJ%3	200	0.6966
%GJ%4	400	0.9209
#KF#试验方法																7.7	78.4	92		8.0	.007		.014		.026			.058	8.0	3.71	1.08
#ZJ#快剪							
#QY#13	14.1	0.20		1.93	2.71	25.1	28.6	19.4																	79.13		
#SX# 					
#GJ#常规	20						0.11	15.97									0.757	0.749	0.742	0.731		0.717																			
#GY#																						
%GJ%1	50	0.0911
%GJ%2	100	0.1707
%GJ%3	200	0.2960
%GJ%4	400	0.4553
#KF#试验方法																12.4	74.4	93.6		6.4	.008		.015		.028			.064	6.4	3.50	1.00
#ZJ#快剪							
#QY#14	14.5	0.20		1.95	2.71	25.5	29.3	20.1																	72.13		
#SX# 					
#GJ#常规	20						0.20	8.72									0.744	0.718	0.698	0.678		0.646																			
#GY#																						
%GJ%1	50	0.2982
%GJ%2	100	0.5275
%GJ%3	200	0.7569
%GJ%4	400	1.1239
#KF#试验方法																1.8	82.7	90.9		9.1	.006		.013		.023			.044	9.1	3.83	1.22
#ZJ#快剪							
#QY#15	25.7	0.20		1.75	2.75	39.1	40.5	20.8																			
#SX# 					
#GJ#常规	20						0.68	3.21									1.186	1.110	1.053	0.985		0.901																			
#GY#																						
%GJ%1	50	0.6953
%GJ%2	100	1.2168
%GJ%3	200	1.8390
%GJ%4	400	2.6075
#KF#试验方法																															
#ZJ#快剪				11.21	17.3		
#QY#16	35.7	0.20		1.82	2.74	38.8	39.6	21.5																			
#SX# 					
#GJ#常规	20						0.53	3.94									1.090	1.034	0.992	0.939		0.878																			
#GY#																						
%GJ%1	50	0.5359
%GJ%2	100	0.9378
%GJ%3	200	1.4450
%GJ%4	400	2.0287
#KF#试验方法																															
#ZJ#快剪				11.46	18.5		
#QY#17	43.7	0.20		1.96	2.71	23.7	27.2	18.1																			
#SX# 					
#GJ#常规	20						0.15	11.40									0.710	0.698	0.688	0.673		0.649																			
#GY#																						
%GJ%1	50	0.1404
%GJ%2	100	0.2573
%GJ%3	200	0.4327
%GJ%4	400	0.7135
#KF#试验方法																															
#ZJ#快剪				27.26	14.1		
#QY#18	57.7	0.20		2.01	2.71	21.2	25.5	16.3																			
#SX# 					
#GJ#常规	20						0.11	14.86									0.634	0.624	0.616	0.605		0.593																			
#GY#																						
%GJ%1	50	0.1224
%GJ%2	100	0.2203
%GJ%3	200	0.3550
%GJ%4	400	0.5018
#KF#试验方法														49.1	49.1	50.9		50.9			0.002		0.013		0.093			0.221		39.74	0.75
#ZJ#快剪				26.72	13.6		
#QY#19	67.7	0.20		1.92	2.72	26.0	28.6	16.2																			
#SX# 					
#GJ#常规	20						0.43	4.15									0.785	0.741	0.702	0.659		0.605																			
#GY#0.12	15.52			0.08	21.97	0.05	39.67											0.559			0.494	0.422
%GJ%1	50	0.4930
%GJ%2	100	0.9300
%GJ%3	200	1.4118
%GJ%4	400	2.0168
%GJ%5	800	2.5322
%GJ%6	1600	3.2605
%GJ%7	3200	4.0672
#KF#试验方法																															
#ZJ#快剪				13.34	29.1		
#ZK#Z28					
#QY#01	.6	0.30		1.97	2.72	26.9	30.8	19.6					.0898	.207	.0898												
#SX# 					
#GJ#常规	20						0.25	7.01									0.752	0.734	0.718	0.693		0.661																			
#GY#																						
%GJ%1	50	0.2055
%GJ%2	100	0.3881
%GJ%3	200	0.6735
%GJ%4	400	1.0388
#KF#试验方法																															
#ZJ#快剪				16.60	43.1		
#QY#02	2.6	0.30		1.88	2.72	29.3	32.2	21.3					.452	.5	.452												
#SX# 					
#GJ#常规	20						0.34	5.50									0.871	0.847	0.827	0.793		0.749																			
#GY#																						
%GJ%1	50	0.2565
%GJ%2	100	0.4703
%GJ%3	200	0.8338
%GJ%4	400	1.3041
#KF#试验方法																															
#ZJ#快剪				16.70	31.1		
#QY#03	4.6	0.30		1.96	2.71	27.6	32.3	23.0					18.5	28.5	18.5												
#SX# 					
#GJ#常规	20						0.15	11.76									0.764	0.753	0.744	0.729		0.712																			
#GY#																						
%GJ%1	50	0.1247
%GJ%2	100	0.2268
%GJ%3	200	0.3968
%GJ%4	400	0.5896
#KF#试验方法																7.7	79.4	92.7		7.3	.008		.014		.026			.058	7.3	3.25	0.94
#ZJ#快剪				27.22	13.4		
#QY#04	6.6	0.30		1.98	2.71	22.7	25.6	16.5					15.4	20.3	15.4												
#SX# 					
#GJ#常规	20						0.10	16.79									0.679	0.668	0.660	0.650		0.641																			
#GY#																						
%GJ%1	50	0.1310
%GJ%2	100	0.2263
%GJ%3	200	0.3454
%GJ%4	400	0.4527
#KF#试验方法																10.8	73.2	90.1		9.9	.005		.014		.026			.062	9.9	5.20	1.51
#ZJ#快剪				26.83	12.2		
#QY#05	8.6	0.30		1.90	2.71	26.8	29.5	20.2					17.1	24.2	17.1												
#SX# 					
#GJ#常规	20						0.12	15.07									0.809	0.794	0.781	0.769		0.753																			
#GY#																						
%GJ%1	50	0.1658
%GJ%2	100	0.3096
%GJ%3	200	0.4422
%GJ%4	400	0.6191
#KF#试验方法																4.6	77.1	88.9		11.1	.004		.013		.024			.048	11.1	6.00	1.76
#ZJ#快剪				26.71	15.9		
#QY#06	10.6	0.30		1.93	2.71	27.9	31.2	21.3					20	33	20												
#SX# 					
#GJ#常规	20						0.20	8.98									0.796	0.785	0.776	0.756		0.729																			
#GY#																						
%GJ%1	50	0.1225
%GJ%2	100	0.2227
%GJ%3	200	0.4454
%GJ%4	400	0.7461
#KF#试验方法																3.2	79.2	88.9		11.1	.004		.013		.023			.046	11.1	5.75	1.84
#ZJ#快剪				27.19	16.2		
#QY#07	12.6	0.35		1.94	2.71	24.9	28.6	19.2					17.7	23.9	17.7												
#SX# 					
#GJ#常规	20						0.14	12.46									0.745	0.735	0.727	0.713		0.696																			
#GY#																						
%GJ%1	50	0.1146
%GJ%2	100	0.2063
%GJ%3	200	0.3668
%GJ%4	400	0.5616
#KF#试验方法																3.2	78.2	88.5		11.5	.004		.013		.023			.046	11.5	5.75	1.84
#ZJ#快剪				27.00	16.7		
#QY#08	14.6	0.30		1.94	2.71	24.7	27.7	18.5					19.4	28	19.4												
#SX# 					
#GJ#常规	20						0.12	14.52									0.742	0.730	0.720	0.708		0.689																			
#GY#																						
%GJ%1	50	0.1378
%GJ%2	100	0.2526
%GJ%3	200	0.3904
%GJ%4	400	0.6085
#KF#试验方法																1.8	79.5	87.9		12.1	.004		.013		.023			.044	12.1	5.75	1.84
#ZJ#快剪				25.22	16.3		
#QY#09	22.7	0.20		1.83	2.73	36.7	35.4	20.2																			
#SX# 					
#GJ#常规	20						0.55	3.71									1.039	1.002	0.970	0.915		0.841																			
#GY#																						
%GJ%1	50	0.3629
%GJ%2	100	0.6768
%GJ%3	200	1.2163
%GJ%4	400	1.9421
#KF#试验方法																															
#ZJ#快剪				13.00	14.2		
#QY#10	30.7	0.20		1.78	2.76	44.1	43.1	22.2																			
#SX# 					
#GJ#常规	20						0.77	2.90									1.234	1.170	1.112	1.035		0.939																			
#GY#																						
%GJ%1	50	0.5730
%GJ%2	100	1.0922
%GJ%3	200	1.7816
%GJ%4	400	2.6410
#KF#试验方法																															
#ZJ#快剪				9.33	14.3		
#QY#11	34.7	0.20		1.73	2.75	39.9	41.2	21.5																			
#SX# 					
#GJ#常规	20						0.66	3.37									1.224	1.178	1.134	1.068		0.943																			
#GY#																						
%GJ%1	50	0.4137
%GJ%2	100	0.8094
%GJ%3	200	1.4029
%GJ%4	400	2.5270
#KF#试验方法																															
#ZJ#快剪				13.15	18.8		
#QY#12	38.7	0.20		1.95	2.73	26.6	34.5	19.3																			
#SX# 					
#GJ#常规	20						0.18	9.85									0.772	0.760	0.750	0.732		0.709																			
#GY#																						
%GJ%1	50	0.1354
%GJ%2	100	0.2483
%GJ%3	200	0.4515
%GJ%4	400	0.7111
#KF#试验方法																															
#ZJ#快剪				19.40	66.0		
#QY#13	44.7	0.20		1.94	2.71	24.6	27.5	18.2					14.6	26.7	14.6												
#SX# 					
#GJ#常规	20						0.09	19.34									0.741	0.735	0.730	0.721		0.708																			
#GY#																						
%GJ%1	50	0.0689
%GJ%2	100	0.1264
%GJ%3	200	0.2298
%GJ%4	400	0.3791
#KF#试验方法																															
#ZJ#快剪				26.31	13.9		
#QY#14	48.7	0.20		2.02	2.71	20.6	23.7	14.2																			
#SX# 					
#GJ#常规	20						0.09	17.98									0.618	0.607	0.600	0.591		0.577																			
#GY#																						
%GJ%1	50	0.1360
%GJ%2	100	0.2225
%GJ%3	200	0.3337
%GJ%4	400	0.5068
#KF#试验方法																															
#ZJ#快剪				27.29	17.0		
#QY#16	58.7	0.20		1.96	2.72	23.7	27.5	15.2																			
#SX# 					
#GJ#常规	20						0.30	5.72									0.717	0.696	0.677	0.647		0.606																			
#GY#0.09	19.08			0.07	25.92	0.04	41.00											0.570			0.517	0.450
%GJ%1	50	0.2446
%GJ%2	100	0.4659
%GJ%3	200	0.8154
%GJ%4	400	1.2930
%GJ%5	800	1.7123
%GJ%6	1600	2.3296
%GJ%7	3200	3.1101
#KF#试验方法																															
#ZJ#快剪				18.02	38.7		
#QY#17	72.7	0.25		1.85	2.75	36.1	40.2	20.5																			
#SX# 					
#GJ#常规	20						0.32	6.32									1.023	1.000	0.981	0.949		0.904																			
#GY#0.19	10.65			0.14	14.99	0.06	36.37											0.828			0.720	0.631
%GJ%1	50	0.2274
%GJ%2	100	0.4152
%GJ%3	200	0.7316
%GJ%4	400	1.1765
%GJ%5	800	1.9278
%GJ%6	1600	2.9956
%GJ%7	3200	3.8754
#KF#试验方法																															
#ZJ#快剪				15.46	44.4		
#QY#R1	64.7	0.20	1																								
#SX# 					
#GJ#常规	20																																								
#GY#																						
#KF#试验方法											6	6.8		55.5	55.5	31.7		31.7			0.004		0.059		0.137			0.632		35.24	6.55
#ZJ#快剪							
#QY#R2	54.7	0.25	1																								
#SX# 					
#GJ#常规	20																																								
#GY#																						
#KF#试验方法									1.6		21.2	39		28	28	10.2		10.2			0.069		0.175		0.368			1.602		5.32	1.20
#ZJ#快剪							
#ZK#Z68					
#QY#01	1.6	0.30		1.93	2.73	31.1	34.6	19.3																	93.15	56.46	1.65
#SX# 					
#GJ#常规	20						0.37	5.01									0.854	0.816	0.787	0.750		0.706																			
#GY#																						
%GJ%1	50	0.4099
%GJ%2	100	0.7228
%GJ%3	200	1.1219
%GJ%4	400	1.5965
#KF#试验方法																															
#ZJ#快剪							
#QY#02	2.6	0.30		1.96	2.71	28.9	30.5	20.7																	81.85		
#SX# 					
#GJ#常规	20						0.22	8.10									0.782	0.762	0.744	0.722		0.693																			
#GY#																						
%GJ%1	50	0.2245
%GJ%2	100	0.4265
%GJ%3	200	0.6734
%GJ%4	400	0.9989
#KF#试验方法																9.5	75.1	89.8		10.2	.005		.014		.026			.061	10.2	5.20	1.51
#ZJ#快剪							
#QY#03	4.7	0.20		2.01	2.71	22.2	25.5	16.3																	98.27		
#SX# 					
#GJ#常规	20						0.13	12.67									0.648	0.634	0.626	0.613		0.592																			
#GY#																						
%GJ%1	50	0.1699
%GJ%2	100	0.2670
%GJ%3	200	0.4248
%GJ%4	400	0.6796
#KF#试验方法																2.9	85.1	92.8		7.2	.008		.014		.024			.045	7.2	3.00	1.02
#ZJ#快剪							
#QY#04	22.7	0.20		1.73	2.73	46.0	37.5	21.3																			
#SX# 					
#GJ#常规	20						0.81	2.84									1.304	1.206	1.143	1.062		0.966																			
#GY#																						
%GJ%1	50	0.8507
%GJ%2	100	1.3976
%GJ%3	200	2.1007
%GJ%4	400	2.9340
#KF#试验方法																															
#ZJ#快剪				10.98	13.7		
#QY#05	34.7	0.20		1.83	2.73	36.8	35.6	20.3																			
#SX# 					
#GJ#常规	20						0.53	3.85									1.041	0.990	0.955	0.902		0.832																			
#GY#																						
%GJ%1	50	0.4998
%GJ%2	100	0.8427
%GJ%3	200	1.3621
%GJ%4	400	2.0480
#KF#试验方法																															
#ZJ#快剪				11.84	14.4		
#QY#06	46.7	0.20		2.00	2.71	24.9	29.8	20.3																			
#SX# 					
#GJ#常规	20						0.10	16.92									0.692	0.684	0.677	0.667		0.650																			
#GY#																						
%GJ%1	50	0.0946
%GJ%2	100	0.1773
%GJ%3	200	0.2955
%GJ%4	400	0.4965
#KF#试验方法																															
#ZJ#快剪				26.97	14.0		
#QY#07	52.7	0.20		2.01	2.71	23.3	28.8	19.6																			
#SX# 					
#GJ#常规	20						0.10	16.62									0.662	0.653	0.645	0.635		0.620																			
#GY#																						
%GJ%1	50	0.1083
%GJ%2	100	0.2046
%GJ%3	200	0.3249
%GJ%4	400	0.5054
#KF#试验方法																															
#ZJ#快剪				27.38	13.2		
#QY#08	56.7	0.20		1.91	2.72	32.3	34.6	22.2																			
#SX# 					
#GJ#常规	20						0.37	5.09									0.884	0.850	0.824	0.787		0.739																			
#GY#																						
%GJ%1	50	0.3609
%GJ%2	100	0.6369
%GJ%3	200	1.0297
%GJ%4	400	1.5393
#KF#试验方法																															
#ZJ#快剪				14.31	31.2		
#QY#09	58.7	0.20		1.96	2.71	25.6	29.8	20.2																			
#SX# 					
#GJ#常规	20						0.20	8.68									0.737	0.718	0.701	0.681		0.655																			
#GY#0.08	21.05			0.06	30.21	0.04	44.83											0.622			0.576	0.514
%GJ%1	50	0.2188
%GJ%2	100	0.4145
%GJ%3	200	0.6448
%GJ%4	400	0.9442
%GJ%5	800	1.3241
%GJ%6	1600	1.8538
%GJ%7	3200	2.5676
#KF#试验方法																															
#ZJ#快剪				26.76	14.4		
#QY#10	60.7	0.20		1.95	2.72	29.7	32.5	18.6																			
#SX# 					
#GJ#常规	20						0.27	6.70									0.809	0.787	0.767	0.740		0.704																			
#GY#0.08	21.93			0.06	28.94	0.05	40.20											0.671			0.621	0.549
%GJ%1	50	0.2432
%GJ%2	100	0.4643
%GJ%3	200	0.7629
%GJ%4	400	1.1609
%GJ%5	800	1.5257
%GJ%6	1600	2.0785
%GJ%7	3200	2.8745
#KF#试验方法																															
#ZJ#快剪				17.04	42.0		
#QY#11	64.7	0.20		2.00	2.72	23.1	25.4	13.5																			
#SX# 					
#GJ#常规	20						0.25	6.70									0.674	0.657	0.643	0.618		0.580																			
#GY#0.10	16.33			0.07	24.80	0.04	41.85											0.539			0.485	0.421
%GJ%1	50	0.2031
%GJ%2	100	0.3704
%GJ%3	200	0.6691
%GJ%4	400	1.1231
%GJ%5	800	1.6129
%GJ%6	1600	2.2581
%GJ%7	3200	3.0227
#KF#试验方法																															
#ZJ#快剪				18.66	40.1		
#QY#12	68.7	0.20		2.04	2.71	21.1	25.2	15.8																			
#SX# 					
#GJ#常规	20						0.15	10.72									0.609	0.599	0.590	0.575		0.551																			
#GY#0.09	18.39			0.05	30.65	0.04	45.97											0.516			0.474	0.418
%GJ%1	50	0.1243
%GJ%2	100	0.2362
%GJ%3	200	0.4226
%GJ%4	400	0.7209
%GJ%5	800	1.1560
%GJ%6	1600	1.6781
%GJ%7	3200	2.3741
#KF#试验方法																															
#ZJ#快剪				26.18	19.0		
#QY#13	74.7	0.20																									
#SX# 					
#GJ#常规	20																																								
#GY#																						
#KF#试验方法									6.8		18.8	32.6		23.3	23.3	18.5		18.5			0.010		0.135		0.368			2.531		35.45	4.75
#ZJ#快剪							
#ZK#Z98					
#QY#01	1.1	0.30		1.90	2.72	28.6	32.5	18.6					.0751	.0919	.0751												
#SX# 					
#GJ#常规	20						0.35	5.26									0.841	0.809	0.781	0.746		0.704																			
#GY#																						
%GJ%1	50	0.3476
%GJ%2	100	0.6518
%GJ%3	200	1.0320
%GJ%4	400	1.4883
#KF#试验方法																															
#ZJ#快剪				15.62	32.3		
#QY#02	1.6	0.30		1.93	2.73	29.3	33.6	19.2					.0876	.0969	.0876												
#SX# 					
#GJ#常规	20						0.32	5.72									0.829	0.801	0.778	0.746		0.701																			
#GY#																						
%GJ%1	50	0.3062
%GJ%2	100	0.5577
%GJ%3	200	0.9076
%GJ%4	400	1.3997
#KF#试验方法																															
#ZJ#快剪				16.78	32.6		
#QY#03	2.6	0.30		1.92	2.72	28.8	31.2	18.3					.194	.488	.194												
#SX# 					
#GJ#常规	20						0.32	5.70									0.825	0.776	0.750	0.718		0.679																			
#GY#																						
%GJ%1	50	0.5370
%GJ%2	100	0.8219
%GJ%3	200	1.1726
%GJ%4	400	1.6000
#KF#试验方法																															
#ZJ#快剪				12.57	30.1		
#QY#04	3.6	0.30		1.91	2.71	29.4	32.5	22.7					12	24.1	12												
#SX# 					
#GJ#常规	20						0.17	10.80									0.836	0.825	0.815	0.798		0.773																			
#GY#																						
%GJ%1	50	0.1198
%GJ%2	100	0.2288
%GJ%3	200	0.4139
%GJ%4	400	0.6863
#KF#试验方法																1.8	81	89		11.0	.004		.013		.023			.044	11.0	5.75	1.84
#ZJ#快剪				26.33	13.1		
#QY#05	4.1	0.30		1.91	2.72	29.6	31.5	18.5					.217	.314	.217												
#SX# 					
#GJ#常规	20						0.28	6.59									0.846	0.824	0.806	0.778		0.734																			
#GY#																						
%GJ%1	50	0.2384
%GJ%2	100	0.4334
%GJ%3	200	0.7367
%GJ%4	400	1.2134
#KF#试验方法																															
#ZJ#快剪				17.58	30.6		
#QY#06	6.1	0.30		1.92	2.71	29.7	32.2	22.8					16.4	24.4	16.4												
#SX# 					
#GJ#常规	20						0.14	13.08									0.831	0.819	0.811	0.797		0.773																			
#GY#																						
%GJ%1	50	0.1311
%GJ%2	100	0.2185
%GJ%3	200	0.3714
%GJ%4	400	0.6335
#KF#试验方法																1.8	78.9	87.5		12.5	.004		.013		.022			.044	12.5	5.50	1.92
#ZJ#快剪				28.10	13.6		
#QY#07	6.6	0.30		1.95	2.71	25.5	28.6	19.4					18.7	23.3	18.7												
#SX# 					
#GJ#常规	20						0.21	8.31									0.744	0.720	0.705	0.684		0.657																			
#GY#																						
%GJ%1	50	0.2752
%GJ%2	100	0.4472
%GJ%3	200	0.6881
%GJ%4	400	0.9977
#KF#试验方法																1.5	82.9	91.5		8.5	.006		.013		.023			.044	8.5	3.83	1.22
#ZJ#快剪				25.61	13.5		
#QY#08	9.1	0.30		1.88	2.71	28.8	31.5	22.2					14.2	23.6	14.2												
#SX# 					
#GJ#常规	20						0.18	10.31									0.857	0.845	0.835	0.817		0.792																			
#GY#																						
%GJ%1	50	0.1292
%GJ%2	100	0.2369
%GJ%3	200	0.4308
%GJ%4	400	0.7001
#KF#试验方法																.9	81.2	89.5		10.5	.005		.013		.022			.043	10.5	4.40	1.54
#ZJ#快剪				26.42	14.0		
#QY#09	9.6	0.30		1.96	2.71	24.8	27.8	18.3					19.6	28.3	19.6												
#SX# 					
#GJ#常规	20						0.16	10.78									0.726	0.716	0.707	0.691		0.671																			
#GY#																						
%GJ%1	50	0.1159
%GJ%2	100	0.2202
%GJ%3	200	0.4056
%GJ%4	400	0.6373
#KF#试验方法																7.7	78.3	92.2		7.8	.007		.014		.026			.058	7.8	3.71	1.08
#ZJ#快剪				26.73	13.5		
#QY#10	12.1	0.30		2.00	2.71	23.9	26.6	17.2					20.1	31.2	20.1												
#SX# 					
#GJ#常规	20						0.16	10.49									0.679	0.663	0.651	0.635		0.616																			
#GY#																						
%GJ%1	50	0.1906
%GJ%2	100	0.3335
%GJ%3	200	0.5241
%GJ%4	400	0.7504
#KF#试验方法																8.3	77.3	91.4		8.6	.006		.014		.026			.059	8.6	4.33	1.26
#ZJ#快剪				27.02	14.1		
#QY#11	12.6	0.30		1.87	2.71	28.8	31.5	22.1					14.7	23.2	14.7												
#SX# 					
#GJ#常规	20						0.21	8.89									0.867	0.838	0.821	0.800		0.772																			
#GY#																						
%GJ%1	50	0.3107
%GJ%2	100	0.4928
%GJ%3	200	0.7177
%GJ%4	400	1.0177
#KF#试验方法																4.6	78.8	90.5		9.5	.005		.013		.024			.048	9.5	4.80	1.41
#ZJ#快剪				26.83	13.3		
#QY#12	18.7	0.20		1.96	2.71	26.0	29.5	20.5					18.2	26.9	18.2												
#SX# 					
#GJ#常规	20						0.09	19.36									0.742	0.736	0.731	0.722		0.710																			
#GY#																						
%GJ%1	50	0.0689
%GJ%2	100	0.1263
%GJ%3	200	0.2296
%GJ%4	400	0.3674
#KF#试验方法																3.8	80.3	90.1		9.9	.005		.013		.024			.046	9.9	4.80	1.41
#ZJ#快剪				28.66	12.6		
#QY#13	28.7	0.20		1.76	2.73	41.8	36.6	20.6																			
#SX# 					
#GJ#常规	20						0.76	2.89									1.200	1.127	1.069	0.993		0.900																			
#GY#																						
%GJ%1	50	0.6636
%GJ%2	100	1.1909
%GJ%3	200	1.8818
%GJ%4	400	2.7273
#KF#试验方法																															
#ZJ#快剪				10.21	13.3		
#QY#14	36.7	0.20		1.78	2.73	39.6	35.2	20.3																			
#SX# 					
#GJ#常规	20						0.77	2.78									1.141	1.059	0.997	0.920		0.827																			
#GY#																						
%GJ%1	50	0.7660
%GJ%2	100	1.3452
%GJ%3	200	2.0645
%GJ%4	400	2.9332
#KF#试验方法																															
#ZJ#快剪				10.69	14.5		
#QY#15	40.7	0.20		2.04	2.72	21.3	25.5	13.3																			
#SX# 					
#GJ#常规	20						0.18	8.99									0.617	0.604	0.593	0.575		0.546																			
#GY#																						
%GJ%1	50	0.1608
%GJ%2	100	0.2968
%GJ%3	200	0.5195
%GJ%4	400	0.8782
#KF#试验方法																															
#ZJ#快剪				16.24	43.6		
#QY#16	44.7	0.20		2.00	2.71	23.7	28.1	18.9																			
#SX# 					
#GJ#常规	20						0.08	20.95									0.676	0.669	0.664	0.656		0.645																			
#GY#																						
%GJ%1	50	0.0835
%GJ%2	100	0.1432
%GJ%3	200	0.2387
%GJ%4	400	0.3699
#KF#试验方法																															
#ZJ#快剪				29.46	14.5		
#QY#17	58.7	0.20																									
#SX# 					
#GJ#常规	20																																								
#GY#																						
#KF#试验方法														73.6	73.6	26.4		26.4			0.005		0.079		0.129			0.230		25.12	9.54
#ZJ#快剪							
#QY#18	62.7	0.20		1.89	2.72	30.4	32.2	18.6																			
#SX# 					
#GJ#常规	20						0.50	3.75									0.877	0.838	0.801	0.751		0.687																			
#GY#0.13	14.17			0.09	20.29	0.05	40.58											0.634			0.560	0.486
%GJ%1	50	0.4156
%GJ%2	100	0.8098
%GJ%3	200	1.3426
%GJ%4	400	2.0245
%GJ%5	800	2.5892
%GJ%6	1600	3.3777
%GJ%7	3200	4.1662
#KF#试验方法																															
#ZJ#快剪				14.30	27.4		
#QY#19	64.7	0.20																									
#SX# 					
#GJ#常规	20																																								
#GY#																						
#KF#试验方法														78	78	22		22			0.007		0.084		0.134			0.231		18.72	7.47
#ZJ#快剪							
#QY#20	70.7	0.20		1.93	2.72	25.4	29.6	17.5																			
#SX# 					
#GJ#常规	20						0.33	5.36									0.767	0.745	0.725	0.692		0.638																			
#GY#0.14	12.40			0.11	15.88	0.05	37.70											0.581			0.492	0.417
%GJ%1	50	0.2490
%GJ%2	100	0.4754
%GJ%3	200	0.8489
%GJ%4	400	1.4601
%GJ%5	800	2.1053
%GJ%6	1600	3.1126
%GJ%7	3200	3.9615
#KF#试验方法																															
#ZJ#快剪				16.30	35.6		
#ZK#Z31					
#QY#01	.65	0.30		1.84	2.76	36.1	41.5	21.1					.0849	.0896	.0849												
#SX# 					
#GJ#常规	20						0.40	5.10									1.042	1.007	0.978	0.938		0.870																			
#GY#																						
%GJ%1	50	0.3428
%GJ%2	100	0.6268
%GJ%3	200	1.0186
%GJ%4	400	1.6846
#KF#试验方法																															
#ZJ#快剪				15.30	33.2		
#QY#02	2.65	0.30		1.89	2.73	30.2	34.6	19.3					.0891	.0957	.0891												
#SX# 					
#GJ#常规	20						0.31	6.07									0.881	0.857	0.835	0.804		0.759																			
#GY#																						
%GJ%1	50	0.2552
%GJ%2	100	0.4891
%GJ%3	200	0.8187
%GJ%4	400	1.2972
#KF#试验方法																															
#ZJ#快剪				16.30	30.5		
#QY#03	4.65	0.30		1.91	2.71	26.6	29.6	20.5					14.1	20.9	14.1												
#SX# 					
#GJ#常规	20						0.13	13.82									0.796	0.785	0.776	0.763		0.743																			
#GY#																						
%GJ%1	50	0.1225
%GJ%2	100	0.2227
%GJ%3	200	0.3675
%GJ%4	400	0.5902
#KF#试验方法																1.8	78.9	88.1		11.9	.004		.013		.022			.044	11.9	5.50	1.92
#ZJ#快剪				26.61	13.3		
#QY#04	6.65	0.30		1.98	2.71	22.8	25.5	16.3					17.3	24.8	17.3												
#SX# 					
#GJ#常规	20						0.10	16.81									0.681	0.674	0.668	0.658		0.643																			
#GY#																						
%GJ%1	50	0.0833
%GJ%2	100	0.1547
%GJ%3	200	0.2736
%GJ%4	400	0.4521
#KF#试验方法																3.2	78.7	87.1		12.9	.003		.013		.023			.046	12.9	7.67	2.45
#ZJ#快剪				27.10	14.0		
#QY#05	8.65	0.30		1.93	2.71	27.2	31.5	21.7					20.1	32.2	20.1												
#SX# 					
#GJ#常规	20						0.14	12.76									0.786	0.775	0.766	0.752		0.734																			
#GY#																						
%GJ%1	50	0.1232
%GJ%2	100	0.2240
%GJ%3	200	0.3807
%GJ%4	400	0.5823
#KF#试验方法																5.2	77.8	89.5		10.5	.005		.013		.024			.051	10.5	4.80	1.41
#ZJ#快剪				28.08	13.5		
#QY#06	10.65	0.30		1.89	2.71	27.3	31.0	21.3					19.6	27.3	19.6												
#SX# 					
#GJ#常规	20						0.25	7.30									0.825	0.795	0.771	0.746		0.715																			
#GY#																						
%GJ%1	50	0.3288
%GJ%2	100	0.5918
%GJ%3	200	0.8658
%GJ%4	400	1.2055
#KF#试验方法																4.6	81.3	91		9.0	.006		.014		.025			.048	9.0	4.17	1.31
#ZJ#快剪				27.50	12.9		
#QY#07	12.65	0.30		1.96	2.71	24.4	28.6	19.2					22.2	30.2	22.2												
#SX# 					
#GJ#常规	20						0.14	12.29									0.720	0.710	0.701	0.687		0.668																			
#GY#																						
%GJ%1	50	0.1163
%GJ%2	100	0.2209
%GJ%3	200	0.3837
%GJ%4	400	0.6047
#KF#试验方法																9.2	72.5	88.2		11.8	.004		.013		.025			.06	11.8	6.25	1.69
#ZJ#快剪				27.22	14.3		
#QY#08	14.75	0.20		1.90	2.71	26.7	29.5	20.2					15.4	27.4	15.4												
#SX# 					
#GJ#常规	20						0.21	8.61									0.807	0.780	0.766	0.745		0.718																			
#GY#																						
%GJ%1	50	0.2988
%GJ%2	100	0.4538
%GJ%3	200	0.6862
%GJ%4	400	0.9851
#KF#试验方法																4.6	75.4	86.5		13.5	.003		.013		.023			.048	13.5	7.67	2.45
#ZJ#快剪				25.22	16.7		
#QY#09	16.75	0.20		1.94	2.71	24.6	28.0	18.7					18.2	28.5	18.2												
#SX# 					
#GJ#常规	20						0.21	8.29									0.741	0.710	0.697	0.676		0.646																			
#GY#																						
%GJ%1	50	0.3561
%GJ%2	100	0.5055
%GJ%3	200	0.7467
%GJ%4	400	1.0913
#KF#试验方法																.6	79.8	87.5		12.5	.004		.012		.022			.043	12.5	5.50	1.64
#ZJ#快剪				27.09	14.3		
#QY#10	18.75	0.20		1.94	2.71	27.1	30.1	20.6					23.1	30.3	23.1												
#SX# 					
#GJ#常规	20						0.23	7.72									0.775	0.742	0.723	0.700		0.671																			
#GY#																						
%GJ%1	50	0.3718
%GJ%2	100	0.5859
%GJ%3	200	0.8451
%GJ%4	400	1.1718
#KF#试验方法																5.8	74.6	87.1		12.9	.003		.013		.024			.053	12.9	8.00	2.35
#ZJ#快剪				25.82	14.1		
#QY#11	22.75	0.20		1.80	2.75	43.4	40.2	20.7																			
#SX# 					
#GJ#常规	20						0.86	2.55									1.191	1.117	1.074	0.988		0.873																			
#GY#																						
%GJ%1	50	0.6755
%GJ%2	100	1.0680
%GJ%3	200	1.8530
%GJ%4	400	2.9028
#KF#试验方法																															
#ZJ#快剪				9.42	13.4		
#QY#12	32.75	0.20		1.81	2.76	39.3	42.2	21.8																			
#SX# 					
#GJ#常规	20						0.60	3.54									1.124	0.994	0.938	0.878		0.802																			
#GY#																						
%GJ%1	50	1.2241
%GJ%2	100	1.7514
%GJ%3	200	2.3164
%GJ%4	400	3.0320
#KF#试验方法																															
#ZJ#快剪				13.22	21.3		
#QY#13	37.25	0.20		1.86	2.76	36.4	44.6	22.9																			
#SX# 					
#GJ#常规	20						0.46	4.40									1.024	0.971	0.935	0.889		0.845																			
#GY#																						
%GJ%1	50	0.5237
%GJ%2	100	0.8794
%GJ%3	200	1.3340
%GJ%4	400	1.7688
#KF#试验方法																															
#ZJ#快剪				14.07	30.7		
#QY#14	40.75	0.20		2.03	2.71	23.0	27.6	17.8																			
#SX# 					
#GJ#常规	20						0.19	8.64									0.642	0.613	0.599	0.580		0.558																			
#GY#																						
%GJ%1	50	0.3532
%GJ%2	100	0.5238
%GJ%3	200	0.7552
%GJ%4	400	1.0231
#KF#试验方法																															
#ZJ#快剪				26.39	11.6		
#QY#15	58.75	0.20		1.99	2.72	24.9	27.2	15.5																			
#SX# 					
#GJ#常规	20						0.25	6.83									0.707	0.691	0.678	0.653		0.624																			
#GY#0.11	16.26			0.07	23.15	0.03	60.69											0.582			0.523	0.478
%GJ%1	50	0.1875
%GJ%2	100	0.3398
%GJ%3	200	0.6327
%GJ%4	400	0.9725
%GJ%5	800	1.4646
%GJ%6	1600	2.1558
%GJ%7	3200	2.6831
#KF#试验方法														40.3	40.3	59.7		59.7			0.002		0.009		0.076			0.215		36.68	0.49
#ZJ#快剪				15.58	31.9		
#QY#16	72.75	0.20		1.88	2.74	35.7	39.3	21.2																			
#SX# 					
#GJ#常规	20						0.30	6.59									0.978	0.958	0.942	0.912		0.857																			
#GY#0.20	10.02			0.15	13.52	0.06	31.03											0.778			0.661	0.559
%GJ%1	50	0.2022
%GJ%2	100	0.3640
%GJ%3	200	0.6673
%GJ%4	400	1.2235
%GJ%5	800	2.0222
%GJ%6	1600	3.2053
%GJ%7	3200	4.2366
#KF#试验方法																															
#ZJ#快剪				15.15	31.7		
#QY#R1	48.75	0.20	1																								
#SX# 					
#GJ#常规	20																																								
#GY#																						
#KF#试验方法											7.2	7.1		52.2	52.2	33.5		33.5			0.004		0.048		0.137			0.761		37.72	4.60
#ZJ#快剪							
#QY#R2	66.75	0.20	1																								
#SX# 					
#GJ#常规	20																																								
#GY#																						
#KF#试验方法											2.8	8		70.2	70.2	19		19			0.010		0.090		0.150			0.415		15.59	5.55
#ZJ#快剪							
#ZK#Z43					
#QY#1	.6	0.30																									
#SX# 					
#GJ#常规	20																																								
#GY#																						
#KF#试验方法																															
#ZJ#快剪							
#QY#2	2.7	0.20																									
#SX# 					
#GJ#常规	20																																								
#GY#																						
#KF#试验方法																															
#ZJ#快剪							
#QY#3	4.7	0.20		1.89	2.72	27.9	30.2	18.2																			
#SX# 					
#GJ#常规	20						0.29	6.35									0.841	0.820	0.805	0.776		0.742																			
#GY#																						
%GJ%1	50	0.2281
%GJ%2	100	0.3911
%GJ%3	200	0.7061
%GJ%4	400	1.0755
#KF#试验方法																															
#ZJ#快剪				15.48	31.6		
#QY#R1	5	0.40	1		2.71	28.7	31.5	22.2																			
#SX# 					
#GJ#常规	20																																								
#GY#																						
#KF#试验方法																6.1	78.2	91.2		8.8	.006		.014		.025			.054	8.8	4.17	1.31
#ZJ#快剪							
#QY#R2	6	0.40	1		2.71	25.6	28.6	19.0																			
#SX# 					
#GJ#常规	20																																								
#GY#																						
#KF#试验方法																4.6	78.4	89.2		10.8	.005		.013		.024			.048	10.8	4.80	1.41
#ZJ#快剪							
#QY#R3	8	0.40	1		2.71	28.1	31.6	22.2																			
#SX# 					
#GJ#常规	20																																								
#GY#																						
#KF#试验方法																9.2	75.5	91		9.0	.006		.014		.026			.06	9.0	4.33	1.26
#ZJ#快剪							
#QY#R4	9	0.40	1		2.72	32.3	32.5	18.7																			
#SX# 					
#GJ#常规	20																																								
#GY#																						
#KF#试验方法																															
#ZJ#快剪							
#QY#R5	11	0.40	1		2.71	24.2	27.5	18.4																			
#SX# 					
#GJ#常规	20																																								
#GY#																						
#KF#试验方法																5.8	81.5	92.4		7.6	.008		.014		.025			.053	7.6	3.13	0.98
#ZJ#快剪							
#QY#R6	12	0.40	1		2.71	33.8	36.6	27.6																			
#SX# 					
#GJ#常规	20																																								
#GY#																						
#KF#试验方法																11.4	74.7	92.7		7.3	.008		.014		.027			.063	7.3	3.38	0.91
#ZJ#快剪							
#QY#R7	14	0.40	1		2.71	26.8	29.5	20.3																			
#SX# 					
#GJ#常规	20																																								
#GY#																						
#KF#试验方法																3.5	80.6	90.7		9.3	.006		.013		.024			.046	9.3	4.00	1.17
#ZJ#快剪							
#QY#R8	15	0.40	1		2.71	27.5	30.2	20.5																			
#SX# 					
#GJ#常规	20																																								
#GY#																						
#KF#试验方法																7.7	76.8	91.4		8.6	.006		.014		.025			.058	8.6	4.17	1.31
#ZJ#快剪							
#QY#R9	17	0.40	1		2.71	26.2	28.6	19.4																			
#SX# 					
#GJ#常规	20																																								
#GY#																						
#KF#试验方法																3.2	78.5	88.1		11.9	.004		.013		.023			.046	11.9	5.75	1.84
#ZJ#快剪							
#QY#R10	18	0.40	1		2.71	27.6	31.3	22.1																			
#SX# 					
#GJ#常规	20																																								
#GY#																						
#KF#试验方法																9.2	76.8	91.9		8.1	.007		.014		.026			.06	8.1	3.71	1.08
#ZJ#快剪							
#QY#4	21.7	0.20																									
#SX# 					
#GJ#常规	20																																								
#GY#																						
#KF#试验方法																															
#ZJ#快剪							
#QY#5	27.7	0.20																									
#SX# 					
#GJ#常规	20																																								
#GY#																						
#KF#试验方法																															
#ZJ#快剪							
#QY#6	31.7	0.20		1.77	2.73	36.1	38.2	21.5																			
#SX# 					
#GJ#常规	20						0.67	3.13									1.099	1.048	1.005	0.938		0.852																			
#GY#																						
%GJ%1	50	0.4859
%GJ%2	100	0.8957
%GJ%3	200	1.5341
%GJ%4	400	2.3535
#KF#试验方法																															
#ZJ#快剪				13.24	20.7		
#QY#7	35.7	0.20																									
#SX# 					
#GJ#常规	20																																								
#GY#																						
#KF#试验方法																															
#ZJ#快剪							
#QY#8	38.2	0.20		2.00	2.72	24.3	27.6	16.3																			
#SX# 					
#GJ#常规	20						0.16	10.57									0.690	0.678	0.668	0.652		0.624																			
#GY#																						
%GJ%1	50	0.1420
%GJ%2	100	0.2604
%GJ%3	200	0.4497
%GJ%4	400	0.7811
#KF#试验方法																															
#ZJ#快剪				18.57	46.6		
#QY#9	39.2	0.20																									
#SX# 					
#GJ#常规	20																																								
#GY#																						
#KF#试验方法																															
#ZJ#快剪							
#QY#R11	43	0.40	1																								
#SX# 					
#GJ#常规	20																																								
#GY#																						
#KF#试验方法									16.6		30	23.5		23.2	23.2	6.7		6.7			0.088		0.251		0.679			3.790		7.69	1.05
#ZJ#快剪							
#QY#10	44.7	0.20		2.01	2.71	21.2	24.5	16.3																			
#SX# 					
#GJ#常规	20						0.13	12.57									0.634	0.624	0.615	0.602		0.583																			
#GY#																						
%GJ%1	50	0.1224
%GJ%2	100	0.2326
%GJ%3	200	0.3917
%GJ%4	400	0.6242
#KF#试验方法																															
#ZJ#快剪				27.57	13.3		
#QY#R12	49	0.40	1		2.71	24.2	27.8	18.4																			
#SX# 					
#GJ#常规	20																																								
#GY#																						
#KF#试验方法																															
#ZJ#快剪							
#QY#11	50.7	0.20		2.04	2.69	20.9																					
#SX# 					
#GJ#常规	20						0.13	12.26									0.594	0.583	0.576	0.563		0.548																			
#GY#																						
%GJ%1	50	0.1380
%GJ%2	100	0.2258
%GJ%3	200	0.3890
%GJ%4	400	0.5772
#KF#试验方法														64.7	64.7	35.3		35.3			0.003		0.039		0.117			0.227		34.57	3.85
#ZJ#快剪							
#QY#R13	53	0.40	1																								
#SX# 					
#GJ#常规	20																																								
#GY#																						
#KF#试验方法									16.5		28.8	24.2		23.5	23.5	7		7			0.087		0.244		0.647			3.794		7.44	1.06
#ZJ#快剪							
#QY#R14	54.7	0.20	1																								
#SX# 					
#GJ#常规	20																																								
#GY#																						
#KF#试验方法											2.2	3.8		80.6	80.6	13.4		13.4			0.025		0.095		0.149			0.304		5.91	2.39
#ZJ#快剪							
#QY#12	58.7	0.20																									
#SX# 					
#GJ#常规	20																																								
#GY#																						
#KF#试验方法																															
#ZJ#快剪							
#QY#R15	63	0.40	1																								
#SX# 					
#GJ#常规	20																																								
#GY#																						
#KF#试验方法											2	3.5		81.6	81.6	12.9		12.9			0.028		0.095		0.149			0.273		5.26	2.16
#ZJ#快剪							
#QY#R16	64.7	0.20	1																								
#SX# 					
#GJ#常规	20																																								
#GY#																						
#KF#试验方法											2.4	4.1		80.5	80.5	13		13			0.028		0.096		0.150			0.322		5.38	2.18
#ZJ#快剪							
#QY#13	70.7	0.20		1.91	2.72	26.7	28.6	16.3																			
#SX# 					
#GJ#常规	20						0.31	5.82									0.804	0.782	0.761	0.730		0.680																			
#GY#0.17	10.93			0.11	15.86	0.06	32.43											0.614			0.523	0.434
%GJ%1	50	0.2439
%GJ%2	100	0.4767
%GJ%3	200	0.8204
%GJ%4	400	1.3747
%GJ%5	800	2.1064
%GJ%6	1600	3.1153
%GJ%7	3200	4.1020
#KF#试验方法																															
#ZJ#快剪				15.23	31.5		
#QY#R17	75	0.40	1																								
#SX# 					
#GJ#常规	20																																								
#GY#																						
#KF#试验方法											2	4.5		80.4	80.4	13.1		13.1			0.027		0.095		0.150			0.314		5.62	2.27
#ZJ#快剪							
#QY#R18	76.7	0.20	1																								
#SX# 					
#GJ#常规	20																																								
#GY#																						
#KF#试验方法											1.8	3.1		81.9	81.9	13.2		13.2			0.026		0.095		0.148			0.250		5.67	2.33
#ZJ#快剪							
#QY#14	80.7	0.20																									
#SX# 					
#GJ#常规	20																																								
#GY#																						
#KF#试验方法																															
#ZJ#快剪							
#QY#15	86.7	0.20		2.00	2.72	22.0	31.5	18.6																			
#SX# 					
#GJ#常规	20						0.23	7.21									0.659	0.635	0.614	0.591		0.562																			
#GY#0.10	17.46			0.07	24.58	0.05	33.60											0.524			0.470	0.391
%GJ%1	50	0.2893
%GJ%2	100	0.5425
%GJ%3	200	0.8198
%GJ%4	400	1.1694
%GJ%5	800	1.6275
%GJ%6	1600	2.2785
%GJ%7	3200	3.2309
#KF#试验方法																															
#ZJ#快剪				22.02	62.5		
#QY#16	92.7	0.20		2.01	2.72	21.4	29.6	17.5																			
#SX# 					
#GJ#常规	20						0.12	13.69									0.643	0.633	0.624	0.612		0.590																			
#GY#0.08	19.33			0.05	32.86	0.04	46.12											0.556			0.516	0.459
%GJ%1	50	0.1217
%GJ%2	100	0.2313
%GJ%3	200	0.3774
%GJ%4	400	0.6452
%GJ%5	800	1.0590
%GJ%6	1600	1.5460
%GJ%7	3200	2.2398
#KF#试验方法																															
#ZJ#快剪				20.08	61.6		
#ZK#Z33					
#QY#1	.6	0.30		1.92	2.73	30.1	32.5	18.3																			
#SX# 					
#GJ#常规	20						0.43	4.30									0.850	0.822	0.797	0.754		0.702																			
#GY#																						
%GJ%1	50	0.3027
%GJ%2	100	0.5730
%GJ%3	200	1.0378
%GJ%4	400	1.6000
#KF#试验方法																															
#ZJ#快剪				13.14	26.7		
#QY#2	3.1	0.30		1.90	2.73	30.9	33.8	19.0																			
#SX# 					
#GJ#常规	20						0.24	7.84									0.881	0.863	0.849	0.825		0.789																			
#GY#																						
%GJ%1	50	0.1914
%GJ%2	100	0.3402
%GJ%3	200	0.5954
%GJ%4	400	0.9782
#KF#试验方法																															
#ZJ#快剪				15.03	37.5		
#QY#3	8.6	0.30		1.97	2.71	23.7	26.6	17.5																			
#SX# 					
#GJ#常规	20						0.13	13.09									0.702	0.692	0.683	0.670		0.649																			
#GY#																						
%GJ%1	50	0.1175
%GJ%2	100	0.2233
%GJ%3	200	0.3760
%GJ%4	400	0.6228
#KF#试验方法																															
#ZJ#快剪				26.42	13.2		
#QY#4	14.6	0.30		1.89	2.72	28.8	31.3	18.4																			
#SX# 					
#GJ#常规	20						0.32	5.79									0.854	0.828	0.808	0.776		0.731																			
#GY#																						
%GJ%1	50	0.2805
%GJ%2	100	0.4962
%GJ%3	200	0.8414
%GJ%4	400	1.3269
#KF#试验方法																															
#ZJ#快剪				15.33	32.4		
#QY#5	24.7	0.20		1.83	2.73	35.4	34.5	19.3																			
#SX# 					
#GJ#常规	20						0.61	3.31									1.020	0.981	0.949	0.888		0.816																			
#GY#																						
%GJ%1	50	0.3861
%GJ%2	100	0.7030
%GJ%3	200	1.3069
%GJ%4	400	2.0198
#KF#试验方法																															
#ZJ#快剪				12.76	13.9		
#QY#6	34.7	0.20		1.80	2.73	38.3	35.5	20.3																			
#SX# 					
#GJ#常规	20						0.65	3.23									1.098	1.048	1.001	0.936		0.854																			
#GY#																						
%GJ%1	50	0.4766
%GJ%2	100	0.9247
%GJ%3	200	1.5443
%GJ%4	400	2.3260
#KF#试验方法																															
#ZJ#快剪				13.24	13.5		
#QY#7	38.7	0.20		2.04	2.72	23.2	30.5	18.3																			
#SX# 					
#GJ#常规	20						0.20	8.22									0.643	0.628	0.617	0.597		0.569																			
#GY#																						
%GJ%1	50	0.1826
%GJ%2	100	0.3165
%GJ%3	200	0.5600
%GJ%4	400	0.9008
#KF#试验方法																															
#ZJ#快剪				18.53	52.7		
#QY#8	44.7	0.20		2.03	2.71	21.1	24.7	16.2																			
#SX# 					
#GJ#常规	20						0.10	16.17									0.617	0.605	0.599	0.589		0.573																			
#GY#																						
%GJ%1	50	0.1484
%GJ%2	100	0.2226
%GJ%3	200	0.3463
%GJ%4	400	0.5442
#KF#试验方法																															
#ZJ#快剪				26.47	13.3		
#QY#9	48.7	0.20		2.06	2.71	22.3	26.6	17.7																			
#SX# 					
#GJ#常规	20						0.10	16.09									0.609	0.601	0.594	0.584		0.573																			
#GY#																						
%GJ%1	50	0.0994
%GJ%2	100	0.1865
%GJ%3	200	0.3108
%GJ%4	400	0.4475
#KF#试验方法																															
#ZJ#快剪				27.35	13.0		
#QY#10	60.7	0.20		1.96	2.72	26.0	30.5	18.6																			
#SX# 					
#GJ#常规	20						0.32	5.46									0.749	0.726	0.705	0.673		0.632																			
#GY#0.13	13.72			0.09	20.28	0.04	43.73											0.581			0.512	0.448
%GJ%1	50	0.2630
%GJ%2	100	0.5031
%GJ%3	200	0.8691
%GJ%4	400	1.3379
%GJ%5	800	1.9211
%GJ%6	1600	2.7101
%GJ%7	3200	3.4420
#KF#试验方法																															
#ZJ#快剪				18.46	35.6		
#QY#11	70.7	0.20		1.94	2.72	30.7	32.5	18.7																			
#SX# 					
#GJ#常规	20						0.29	6.32									0.832	0.814	0.797	0.768		0.726																			
#GY#0.13	14.66			0.09	20.64	0.06	31.52											0.676			0.605	0.512
%GJ%1	50	0.1965
%GJ%2	100	0.3821
%GJ%3	200	0.6987
%GJ%4	400	1.1572
%GJ%5	800	1.7031
%GJ%6	1600	2.4782
%GJ%7	3200	3.4934
#KF#试验方法																															
#ZJ#快剪				15.26	31.6		
#QY#R1	54.7	0.20	1																								
#SX# 					
#GJ#常规	20																																								
#GY#																						
#KF#试验方法									4		14.4	20.5		38.4	38.4	22.7		22.7			0.007		0.093		0.241			1.813		36.02	5.40
#ZJ#快剪							
#QY#R2	66.7	0.20	1																								
#SX# 					
#GJ#常规	20																																								
#GY#																						
#KF#试验方法											2.2	3.4		71.4	71.4	23		23			0.007		0.084		0.139			0.283		21.31	7.79
#ZJ#快剪							
#QY#R3	74.7	0.20	1																								
#SX# 					
#GJ#常规	20																																								
#GY#																						
#KF#试验方法									12.1		71.6	8.8		3.3	3.3	4.2		4.2			0.305		0.652		1.166			3.426		3.83	1.20
#ZJ#快剪							
#ZK#Z59					
#QY#1	.6	0.30		1.98	2.72	24.9	30.4	18.1																			
#SX# 					
#GJ#常规	20						0.26	6.60									0.716	0.696	0.681	0.655		0.621																			
#GY#																						
%GJ%1	50	0.2331
%GJ%2	100	0.4079
%GJ%3	200	0.7110
%GJ%4	400	1.1072
#KF#试验方法																															
#ZJ#快剪				16.52	42.6		
#QY#2	2.6	0.30		1.92	2.72	30.0	32.5	18.6																			
#SX# 					
#GJ#常规	20						0.50	3.68									0.842	0.811	0.782	0.732		0.689																			
#GY#																						
%GJ%1	50	0.3366
%GJ%2	100	0.6515
%GJ%3	200	1.1944
%GJ%4	400	1.6612
#KF#试验方法																															
#ZJ#快剪				13.54	21.5		
#QY#3	8.6	0.30		1.94	2.71	25.0	28.6	19.4																			
#SX# 					
#GJ#常规	20						0.14	12.47									0.746	0.735	0.726	0.712		0.694																			
#GY#																						
%GJ%1	50	0.1260
%GJ%2	100	0.2291
%GJ%3	200	0.3895
%GJ%4	400	0.5956
#KF#试验方法																															
#ZJ#快剪				27.17	13.9		
#QY#4	22.7	0.20		1.82	2.73	32.9	33.6	19.3																			
#SX# 					
#GJ#常规	20						0.63	3.17									0.994	0.942	0.900	0.837		0.746																			
#GY#																						
%GJ%1	50	0.5216
%GJ%2	100	0.9428
%GJ%3	200	1.5747
%GJ%4	400	2.4875
#KF#试验方法																															
#ZJ#快剪				13.15	23.5		
#QY#5	32.7	0.20		1.79	2.73	40.0	36.3	20.5																			
#SX# 					
#GJ#常规	20						0.59	3.62									1.135	1.089	1.048	0.989		0.921																			
#GY#																						
%GJ%1	50	0.4309
%GJ%2	100	0.8150
%GJ%3	200	1.3677
%GJ%4	400	2.0047
#KF#试验方法																															
#ZJ#快剪				11.04	14.5		
#QY#6	38.7	0.20		1.98	2.73	27.2	34.6	19.5																			
#SX# 					
#GJ#常规	20						0.26	6.75									0.754	0.737	0.721	0.695		0.654																			
#GY#																						
%GJ%1	50	0.1938
%GJ%2	100	0.3763
%GJ%3	200	0.6727
%GJ%4	400	1.1403
#KF#试验方法																															
#ZJ#快剪				17.05	42.9		
#QY#7	44.7	0.20		2.02	2.71	20.6	24.6	16.4																			
#SX# 					
#GJ#常规	20						0.11	14.71									0.618	0.609	0.600	0.589		0.574																			
#GY#																						
%GJ%1	50	0.1112
%GJ%2	100	0.2225
%GJ%3	200	0.3585
%GJ%4	400	0.5439
#KF#试验方法																															
#ZJ#快剪				27.11	13.4		
#QY#8	48.7	0.20		2.06	2.71	20.2	24.3	15.5																			
#SX# 					
#GJ#常规	20						0.17	9.30									0.581	0.552	0.538	0.521		0.494																			
#GY#																						
%GJ%1	50	0.3669
%GJ%2	100	0.5440
%GJ%3	200	0.7590
%GJ%4	400	1.1006
#KF#试验方法																															
#ZJ#快剪				27.20	12.2		
#QY#9	60.7	0.20		1.96	2.72	24.8	27.2	15.3																			
#SX# 					
#GJ#常规	20						0.25	6.93									0.732	0.715	0.700	0.675		0.638																			
#GY#0.09	19.79			0.07	23.89	0.06	31.49											0.603			0.545	0.457
%GJ%1	50	0.1963
%GJ%2	100	0.3695
%GJ%3	200	0.6582
%GJ%4	400	1.0855
%GJ%5	800	1.4896
%GJ%6	1600	2.1594
%GJ%7	3200	3.1755
#KF#试验方法																															
#ZJ#快剪				16.56	27.5		
#QY#10	72.7	0.20		1.91	2.73	30.6	33.6	19.3																			
#SX# 					
#GJ#常规	20						0.26	7.18									0.867	0.850	0.836	0.810		0.773																			
#GY#0.15	12.66			0.10	19.40	0.06	31.12											0.714			0.637	0.541
%GJ%1	50	0.1821
%GJ%2	100	0.3321
%GJ%3	200	0.6106
%GJ%4	400	1.0070
%GJ%5	800	1.6390
%GJ%6	1600	2.4638
%GJ%7	3200	3.4922
#KF#试验方法																															
#ZJ#快剪				16.04	45.0		
#QY#R1	54.7	0.20	1																								
#SX# 					
#GJ#常规	20																																								
#GY#																						
#KF#试验方法									2.6		12.6	20.4		39.3	39.3	25.1		25.1			0.006		0.087		0.218			1.536		39.04	6.15
#ZJ#快剪							
#QY#R2	66.7	0.20	1																								
#SX# 					
#GJ#常规	20																																								
#GY#																						
#KF#试验方法									2.9		35.2	43.2		7.7	7.7	11		11			0.050		0.299		0.484			1.836		9.69	3.70
#ZJ#快剪							
#QY#R3	74.7	0.20	1																								
#SX# 					
#GJ#常规	20																																								
#GY#																						
#KF#试验方法											2.6	4.4		70.2	70.2	22.8		22.8			0.007		0.084		0.141			0.348		21.18	7.60
#ZJ#快剪							
#ZK#Z6					
#QY#3	5.1	0.30			2.71	22.5	26.6	17.8																			
#SX# 					
#GJ#常规	20																																								
#GY#																						
#KF#试验方法																4.6	80.2	91.1		8.9	.006		.014		.024			.048	8.9	4.00	1.36
#ZJ#快剪							
#QY#4	7.1	0.30			2.71	24.4	28.9	19.8																			
#SX# 					
#GJ#常规	20																																								
#GY#																						
#KF#试验方法																6.7	79.9	91.5		8.5	.007		.014		.025			.056	8.5	3.57	1.12
#ZJ#快剪							
#QY#5	9.1	0.30			2.71	25.2	29.3	20.0																			
#SX# 					
#GJ#常规	20																																								
#GY#																						
#KF#试验方法																8.3	77.1	91.8		8.2	.006		.014		.026			.059	8.2	4.33	1.26
#ZJ#快剪							
#QY#6	11.1	0.30			2.71	22.5	25.5	16.5																			
#SX# 					
#GJ#常规	20																																								
#GY#																						
#KF#试验方法																12.1	74.4	93.6		6.4	.008		.015		.027			.063	6.4	3.38	1.04
#ZJ#快剪							
#QY#7	13.1	0.30			2.71	21.4	24.8	15.4																			
#SX# 					
#GJ#常规	20																																								
#GY#																						
#KF#试验方法																9.8	75.8	91.1		8.9	.006		.014		.026			.061	8.9	4.33	1.26
#ZJ#快剪							
#QY#8	15.1	0.30			2.71	23.1	26.6	17.4																			
#SX# 					
#GJ#常规	20																																								
#GY#																						
#KF#试验方法																7.7	79.2	92.2		7.8	.007		.014		.026			.058	7.8	3.71	1.08
#ZJ#快剪							
#QY#10	28.7	0.20		1.86	2.72	29.4	32.2	18.5																			
#SX# 					
#GJ#常规	20						0.45	4.21									0.892	0.860	0.827	0.782		0.726																			
#GY#																						
%GJ%1	50	0.3383
%GJ%2	100	0.6871
%GJ%3	200	1.1628
%GJ%4	400	1.7548
#KF#试验方法																															
#ZJ#快剪				13.81	28.2		
#QY#14	82.7	0.20		2.00	2.72	22.6	25.3	14.2																			
#SX# 					
#GJ#常规	20						0.39	4.28									0.667	0.637	0.614	0.575		0.522																			
#GY#0.15	10.93			0.08	21.17	0.05	31.01											0.461			0.398	0.312
%GJ%1	50	0.3599
%GJ%2	100	0.6359
%GJ%3	200	1.1038
%GJ%4	400	1.7397
%GJ%5	800	2.4715
%GJ%6	1600	3.2274
%GJ%7	3200	4.2591
#KF#试验方法																															
#ZJ#快剪				16.83	29.8		
#QY#R3	53.1	0.30	1																								
#SX# 					
#GJ#常规	20																																								
#GY#																						
#KF#试验方法									25.9		13.6	4.6		7.5	7.5	48.4		48.4			0.002		0.015		0.460			4.188		188.46	0.19
#ZJ#快剪							
#QY#R5	92.7	0.20	1																								
#SX# 					
#GJ#常规	20																																								
#GY#																						
#KF#试验方法									2		25.2	23.8		31.5	31.5	17.5		17.5			0.012		0.120		0.345			1.705		29.30	3.53
#ZJ#快剪							
#ZK#Z49					
#QY#1	.6	0.30		1.91	2.72	27.7	32.5	18.8																			
#SX# 					
#GJ#常规	20						0.31	5.87									0.819	0.792	0.769	0.738		0.703																			
#GY#																						
%GJ%1	50	0.2969
%GJ%2	100	0.5498
%GJ%3	200	0.8906
%GJ%4	400	1.2754
#KF#试验方法																															
#ZJ#快剪				17.19	39.5		
#QY#2	2.6	0.30		1.90	2.73	32.0	36.6	20.8																			
#SX# 					
#GJ#常规	20						0.30	6.32									0.897	0.873	0.854	0.824		0.779																			
#GY#																						
%GJ%1	50	0.2530
%GJ%2	100	0.4533
%GJ%3	200	0.7696
%GJ%4	400	1.2441
#KF#试验方法																															
#ZJ#快剪				17.70	41.0		
#QY#3	10.6	0.30		1.95	2.72	24.4	28.6	15.8																			
#SX# 					
#GJ#常规	20						0.14	12.39									0.735	0.723	0.714	0.700		0.684																			
#GY#																						
%GJ%1	50	0.1383
%GJ%2	100	0.2421
%GJ%3	200	0.4035
%GJ%4	400	0.5879
#KF#试验方法																															
#ZJ#快剪				18.45	48.5		
#QY#4	24.7	0.20		1.80	2.73	34.2	36.6	20.7																			
#SX# 					
#GJ#常规	20						0.45	4.52									1.035	1.006	0.980	0.935		0.876																			
#GY#																						
%GJ%1	50	0.2850
%GJ%2	100	0.5405
%GJ%3	200	0.9828
%GJ%4	400	1.5627
#KF#试验方法																															
#ZJ#快剪				12.97	27.5		
#QY#5	34.7	0.20		1.77	2.74	36.6	38.9	21.5																			
#SX# 					
#GJ#常规	20						0.65	3.25									1.115	1.065	1.018	0.953		0.874																			
#GY#																						
%GJ%1	50	0.4728
%GJ%2	100	0.9173
%GJ%3	200	1.5319
%GJ%4	400	2.2790
#KF#试验方法																															
#ZJ#快剪				12.08	20.3		
#QY#6	38.7	0.20		1.90	2.76	27.9	44.3	22.8																			
#SX# 					
#GJ#常规	20						0.19	9.78									0.858	0.839	0.823	0.804		0.784																			
#GY#																						
%GJ%1	50	0.2045
%GJ%2	100	0.3767
%GJ%3	200	0.5813
%GJ%4	400	0.7966
#KF#试验方法																															
#ZJ#快剪				22.34	59.7		
#QY#7	44.7	0.20		2.01	2.71	25.6	29.8	20.3																			
#SX# 					
#GJ#常规	20						0.17	9.96									0.693	0.670	0.654	0.637		0.609																			
#GY#																						
%GJ%1	50	0.2717
%GJ%2	100	0.4607
%GJ%3	200	0.6615
%GJ%4	400	0.9923
#KF#试验方法																															
#ZJ#快剪				26.44	12.1		
#QY#8	48.7	0.20		2.03	2.71	24.3	28.8	19.6																			
#SX# 					
#GJ#常规	20						0.19	8.73									0.659	0.634	0.618	0.599		0.572																			
#GY#																						
%GJ%1	50	0.3014
%GJ%2	100	0.4943
%GJ%3	200	0.7233
%GJ%4	400	1.0488
#KF#试验方法														44.9	44.9	55.1		55.1			0.002		0.010		0.085			0.218		38.83	0.59
#ZJ#快剪				25.88	13.2		
#QY#9	62.7	0.20		2.02	2.72	23.2	27.8	16.3																			
#SX# 					
#GJ#常规	20						0.26	6.38									0.659	0.642	0.628	0.602		0.559																			
#GY#0.11	14.75			0.07	25.52	0.04	39.04											0.514			0.462	0.394
%GJ%1	50	0.2049
%GJ%2	100	0.3737
%GJ%3	200	0.6872
%GJ%4	400	1.2055
%GJ%5	800	1.7480
%GJ%6	1600	2.3749
%GJ%7	3200	3.1947
#KF#试验方法														47.6	47.6	52.4		52.4			0.002		0.012		0.090			0.220		39.54	0.68
#ZJ#快剪							
#QY#10	70.7	0.20		1.89	2.73	28.0	34.6	19.3																			
#SX# 					
#GJ#常规	20						0.22	8.40									0.849	0.831	0.815	0.793		0.756																			
#GY#0.14	12.98			0.09	21.44	0.05	35.22											0.699			0.630	0.546
%GJ%1	50	0.1947
%GJ%2	100	0.3678
%GJ%3	200	0.6057
%GJ%4	400	1.0059
%GJ%5	800	1.6225
%GJ%6	1600	2.3688
%GJ%7	3200	3.2774
#KF#试验方法																															
#ZJ#快剪				20.03	44.2		
#QY#R1	54.7	0.20	1																								
#SX# 					
#GJ#常规	20																																								
#GY#																						
#KF#试验方法											10.4	12.2		52.3	52.3	25.1		25.1			0.006		0.084		0.166			1.025		29.79	7.50
#ZJ#快剪							
#QY#R2	58.7	0.20	1																								
#SX# 					
#GJ#常规	20																																								
#GY#																						
#KF#试验方法									4.3		14.6	21		38.1	38.1	22		22			0.007		0.095		0.248			1.869		34.91	5.15
#ZJ#快剪							
#QY#R3	66.7	0.20	1																								
#SX# 					
#GJ#常规	20																																								
#GY#																						
#KF#试验方法									2.4		35.2	36.5		14.1	14.1	11.8		11.8			0.039		0.270		0.478			1.810		12.35	3.95
#ZJ#快剪							
#QY#R4	74.7	0.20	1																								
#SX# 					
#GJ#常规	20																																								
#GY#																						
#KF#试验方法											10.2	11.9		52.1	52.1	25.8		25.8			0.005		0.082		0.164			1.013		30.78	7.72
#ZJ#快剪							
#ZK#B66					
#QY#R1	5.1	0.30	1		2.71	26.2	30.0	21.3																			
#SX# 					
#GJ#常规	20																																								
#GY#																						
#KF#试验方法																4.6	80.8	90.8		9.2	.006		.014		.024			.048	9.2	4.00	1.36
#ZJ#快剪							
#QY#R2	7.1	0.30	1		2.71	25.9	29.6	20.4																			
#SX# 					
#GJ#常规	20																																								
#GY#																						
#KF#试验方法																6.4	78	90.4		9.6	.005		.014		.025			.055	9.6	5.00	1.57
#ZJ#快剪							
#QY#R3	9.1	0.30	1		2.71	25.0	27.6	18.7																			
#SX# 					
#GJ#常规	20																																								
#GY#																						
#KF#试验方法																5.8	79.9	92		8.0	.007		.014		.025			.053	8.0	3.57	1.12
#ZJ#快剪							
#QY#R4	11.1	0.30	1		2.71	25.7	28.6	20.3																			
#SX# 					
#GJ#常规	20																																								
#GY#																						
#KF#试验方法																10.8	74.3	90.7		9.3	.006		.014		.027			.062	9.3	4.50	1.21
#ZJ#快剪							
#QY#R5	13.1	0.30	1		2.71	26.7	29.2	19.7																			
#SX# 					
#GJ#常规	20																																								
#GY#																						
#KF#试验方法																10.2	76.5	92.4		7.6	.008		.015		.027			.061	7.6	3.38	1.04
#ZJ#快剪							
#QY#R6	15.1	0.30	1		2.71	26.5	29.6	20.4																			
#SX# 					
#GJ#常规	20																																								
#GY#																						
#KF#试验方法																14.1	71.3	91.6		8.4	.006		.014		.028			.065	8.4	4.67	1.17
#ZJ#快剪							
#QY#R7	17.1	0.30	1		2.71	26.6	29.2	20.2																			
#SX# 					
#GJ#常规	20																																								
#GY#																						
#KF#试验方法																7.7	78.3	91.6		8.4	.006		.014		.026			.058	8.4	4.33	1.26
#ZJ#快剪							
#QY#R8	51.1	0.30	1																								
#SX# 					
#GJ#常规	20																																								
#GY#																						
#KF#试验方法											10.2	12.6		52.2	52.2	25		25			0.006		0.084		0.167			1.019		29.68	7.44
#ZJ#快剪							
#QY#R9	67.1	0.30	1																								
#SX# 					
#GJ#常规	20																																								
#GY#																						
#KF#试验方法									3		25.4	24.6		31.6	31.6	15.4		15.4			0.017		0.130		0.361			1.801		21.83	2.82
#ZJ#快剪							
#QY#R10	77.1	0.30	1																								
#SX# 					
#GJ#常规	20																																								
#GY#																						
#KF#试验方法						22.6			23.1		13.6	5.1		3.6	3.6	32		32			0.004		0.057		2.521			34.337		653.48	0.34
#ZJ#快剪							
#QY#R11	96.75	0.20	1																								
#SX# 					
#GJ#常规	20																																								
#GY#																						
#KF#试验方法						21			23.7		13.4	5		3.5	3.5	33.4		33.4			0.004		0.048		2.402			33.923		659.38	0.27
#ZJ#快剪							
#ZK#Z24					
#QY#1	2.1	0.30		1.91	2.72	32.5	35.5	22.1																			
#SX# 					
#GJ#常规	20						0.37	5.10									0.887	0.848	0.824	0.787		0.736																			
#GY#																						
%GJ%1	50	0.4134
%GJ%2	100	0.6677
%GJ%3	200	1.0599
%GJ%4	400	1.6004
#KF#试验方法																															
#ZJ#快剪				13.57	29.6		
#QY#2	4.6	0.30		1.87	2.72	34.1	36.8	23.5																			
#SX# 					
#GJ#常规	20						0.42	4.64									0.951	0.903	0.874	0.832		0.783																			
#GY#																						
%GJ%1	50	0.4921
%GJ%2	100	0.7893
%GJ%3	200	1.2199
%GJ%4	400	1.7222
#KF#试验方法																															
#ZJ#快剪				13.22	26.4		
#QY#3	8.6	0.30		1.98	2.71	27.4	29.3	20.0																			
#SX# 					
#GJ#常规	20						0.11	15.85									0.744	0.731	0.723	0.712		0.700																			
#GY#																						
%GJ%1	50	0.1491
%GJ%2	100	0.2408
%GJ%3	200	0.3670
%GJ%4	400	0.5046
#KF#试验方法																18.6	70	93.1		6.9	0.008		0.016		0.031			0.067	6.9	3.88	1.03
#ZJ#快剪				26.09	13.5		
#QY#4	27.7	0.20		1.81	2.73	37.2	35.5	20.1																			
#SX# 					
#GJ#常规	20						0.75	2.76									1.069	0.996	0.946	0.871		0.777																			
#GY#																						
%GJ%1	50	0.7057
%GJ%2	100	1.1890
%GJ%3	200	1.9140
%GJ%4	400	2.8226
#KF#试验方法																															
#ZJ#快剪				10.62	13.6		
#QY#5	34.7	0.20		1.80	2.73	37.9	36.4	20.3																			
#SX# 					
#GJ#常规	20						0.69	3.03									1.091	1.017	0.967	0.898		0.832																			
#GY#																						
%GJ%1	50	0.7078
%GJ%2	100	1.1860
%GJ%3	200	1.8460
%GJ%4	400	2.4773
#KF#试验方法																															
#ZJ#快剪				10.91	15.2		
#QY#6	39.2	0.20		2.07	2.72	21.5	28.6	17.4																			
#SX# 					
#GJ#常规	20						0.21	7.60									0.597	0.579	0.566	0.545		0.517																			
#GY#																						
%GJ%1	50	0.2254
%GJ%2	100	0.3882
%GJ%3	200	0.6512
%GJ%4	400	1.0019
#KF#试验方法																															
#ZJ#快剪				20.64	51.6		
#QY#7	44.7	0.20		1.97	2.71	27.8	29.9	20.3																			
#SX# 					
#GJ#常规	20						0.13	13.52									0.758	0.741	0.732	0.719		0.704																			
#GY#0.05	37.01			0.03	70.32													0.685			0.665	
%GJ%1	50	0.1934
%GJ%2	100	0.2958
%GJ%3	200	0.4437
%GJ%4	400	0.6143
%GJ%5	800	0.8305
%GJ%6	1600	1.0580
#KF#试验方法																															
#ZJ#快剪				27.81	12.8		
#QY#8	48.7	0.20		2.01	2.71	25.6	28.8	19.5																			
#SX# 					
#GJ#常规	20						0.09	18.82									0.693	0.686	0.680	0.671		0.660																			
#GY#0.04	42.33			0.03	64.50													0.644			0.623	
%GJ%1	50	0.0827
%GJ%2	100	0.1536
%GJ%3	200	0.2599
%GJ%4	400	0.3898
%GJ%5	800	0.5789
%GJ%6	1600	0.8269
#KF#试验方法																															
#ZJ#快剪				27.04	13.4		
#QY#9	52.7	0.25																									
#SX# 					
#GJ#常规	20																																								
#GY#																						
#KF#试验方法											6.2	7.7		58	58	28.1		28.1			0.005		0.078		0.144			0.653		31.02	9.04
#ZJ#快剪							
#QY#10	58.7	0.20		1.91	2.72	27.6	33.1	19.3																			
#SX# 					
#GJ#常规	20						0.29	6.27									0.817	0.794	0.773	0.744		0.710																			
#GY#0.11	17.30			0.06	29.07													0.668			0.618	
%GJ%1	50	0.2532
%GJ%2	100	0.4843
%GJ%3	200	0.8035
%GJ%4	400	1.1778
%GJ%5	800	1.6401
%GJ%6	1600	2.1904
#KF#试验方法																															
#ZJ#快剪				17.07	42.6		
#QY#11	64.7	0.20																									
#SX# 					
#GJ#常规	20																																								
#GY#																						
#KF#试验方法									5.9		23.2	19.6		28.4	28.4	22.9		22.9			0.007		0.100		0.341			2.290		51.59	4.46
#ZJ#快剪							
#QY#12	68.7	0.20		1.96	2.72	26.9	30.7	18.3																			
#SX# 					
#GJ#常规	20						0.31	5.68									0.761	0.727	0.702	0.671		0.628																			
#GY#0.11	16.77			0.06	30.63	0.04	47.76											0.586			0.540	0.481
%GJ%1	50	0.3861
%GJ%2	100	0.6701
%GJ%3	200	1.0221
%GJ%4	400	1.5105
%GJ%5	800	1.9875
%GJ%6	1600	2.5099
%GJ%7	3200	3.1800
#KF#试验方法																															
#ZJ#快剪				15.29	36.5		
#QY#13	74.7	0.20		1.77	2.75	41.2	43.5	22.6																			
#SX# 					
#GJ#常规	20						0.42	5.22									1.194	1.142	1.117	1.075		1.013																			
#GY#0.22	10.20			0.12	18.48	0.08	29.25											0.927			0.832	0.712
%GJ%1	50	0.4740
%GJ%2	100	0.7019
%GJ%3	200	1.0848
%GJ%4	400	1.6500
%GJ%5	800	2.4339
%GJ%6	1600	3.2999
%GJ%7	3200	4.3938
#KF#试验方法																															
#ZJ#快剪				14.29	30.5		
#ZK#Z39					
#QY#1	1.6	0.30		1.95	2.72	28.7	32.8	19.1																			
#SX# 					
#GJ#常规	20						0.28	6.41									0.795	0.764	0.741	0.713		0.678																			
#GY#																						
%GJ%1	50	0.3454
%GJ%2	100	0.6017
%GJ%3	200	0.9136
%GJ%4	400	1.3036
#KF#试验方法																															
#ZJ#快剪				16.13	38.6		
#QY#2	4.1	0.30		1.85	2.72	34.0	36.6	23.7																			
#SX# 					
#GJ#常规	20						0.43	4.58									0.970	0.906	0.869	0.826		0.776																			
#GY#																						
%GJ%1	50	0.6497
%GJ%2	100	1.0254
%GJ%3	200	1.4619
%GJ%4	400	1.9695
#KF#试验方法																															
#ZJ#快剪				13.58	24.7		
#QY#3	13.7	0.20		1.90	2.71	28.2	30.3	21.1																			
#SX# 					
#GJ#常规	20						0.16	11.43									0.829	0.812	0.799	0.783		0.762																			
#GY#																						
%GJ%1	50	0.1859
%GJ%2	100	0.3280
%GJ%3	200	0.5030
%GJ%4	400	0.7326
#KF#试验方法																16.7	70.8	91.3		8.7	0.007		0.016		0.03			0.066	8.7	4.29	1.22
#ZJ#快剪				27.20	13.5		
#QY#4	23.7	0.20		1.80	2.73	38.1	37.1	20.5																			
#SX# 					
#GJ#常规	20						0.80	2.62									1.095	1.035	0.991	0.911		0.852																			
#GY#																						
%GJ%1	50	0.5728
%GJ%2	100	0.9928
%GJ%3	200	1.7566
%GJ%4	400	2.3198
#KF#试验方法																															
#ZJ#快剪				10.68	16.3		
#QY#5	37.7	0.20		1.73	2.74	47.6	39.6	21.3																			
#SX# 					
#GJ#常规	20						1.16	2.02									1.338	1.262	1.193	1.077		0.969																			
#GY#																						
%GJ%1	50	0.6501
%GJ%2	100	1.2404
%GJ%3	200	2.2327
%GJ%4	400	3.1565
#KF#试验方法																															
#ZJ#快剪				9.24	12.6		
#QY#6	39.7	0.20		2.01	2.72	22.6	29.3	18.0																			
#SX# 					
#GJ#常规	20						0.20	8.30									0.659	0.635	0.620	0.600		0.578																			
#GY#																						
%GJ%1	50	0.2893
%GJ%2	100	0.4702
%GJ%3	200	0.7113
%GJ%4	400	0.9765
#KF#试验方法																															
#ZJ#快剪				21.59	51.6		
#QY#7	43.7	0.20		2.00	2.71	22.2	25.0	15.4																			
#SX# 					
#GJ#常规	20						0.10	16.56									0.656	0.646	0.639	0.629		0.615																			
#GY#0.05	33.12			0.03	55.20													0.595			0.571	
%GJ%1	50	0.1208
%GJ%2	100	0.2053
%GJ%3	200	0.3261
%GJ%4	400	0.4952
%GJ%5	800	0.7367
%GJ%6	1600	1.0266
#KF#试验方法																															
#ZJ#快剪				27.49	13.1		
#QY#8	47.7	0.20		1.96	2.71	23.3	26.3	17.2																			
#SX# 					
#GJ#常规	20						0.15	11.37									0.705	0.687	0.673	0.658		0.640																			
#GY#0.05	34.10			0.03	62.00													0.620			0.598	
%GJ%1	50	0.2111
%GJ%2	100	0.3754
%GJ%3	200	0.5513
%GJ%4	400	0.7625
%GJ%5	800	0.9971
%GJ%6	1600	1.2551
#KF#试验方法																															
#ZJ#快剪				26.02	12.6		
#QY#9	53.7	0.20																									
#SX# 					
#GJ#常规	20																																								
#GY#																						
#KF#试验方法									4.6		31	16.6		38.7	38.7	9.1		9.1			0.077		0.143		0.417			1.967		5.41	0.63
#ZJ#快剪							
#QY#10	59.7	0.20																									
#SX# 					
#GJ#常规	20																																								
#GY#																						
#KF#试验方法												1.8		57.5	57.5	40.7		40.7			0.003		0.024		0.111			0.233		38.42	1.82
#ZJ#快剪							
#QY#11	63.7	0.20		2.00	2.72	24.1	28.9	17.5																			
#SX# 					
#GJ#常规	20						0.27	6.25									0.688	0.650	0.633	0.606		0.575																			
#GY#0.08	20.46			0.05	36.50	0.03	57.46											0.542			0.505	0.458
%GJ%1	50	0.4502
%GJ%2	100	0.6517
%GJ%3	200	0.9716
%GJ%4	400	1.3389
%GJ%5	800	1.7299
%GJ%6	1600	2.1682
%GJ%7	3200	2.7251
#KF#试验方法																															
#ZJ#快剪				18.28	42.3		
#QY#12	67.7	0.20																									
#SX# 					
#GJ#常规	20																																								
#GY#																						
#KF#试验方法									7.3		30.6	19.6		24.3	24.3	18.2		18.2			0.011		0.133		0.465			2.681		43.51	3.58
#ZJ#快剪							
#QY#13	73.7	0.20		1.86	2.73	33.5	37.2	20.5																			
#SX# 					
#GJ#常规	20						0.29	6.76									0.959	0.920	0.896	0.867		0.832																			
#GY#0.09	21.18			0.05	42.36	0.03	62.69											0.795			0.758	0.708
%GJ%1	50	0.3982
%GJ%2	100	0.6432
%GJ%3	200	0.9393
%GJ%4	400	1.2966
%GJ%5	800	1.6743
%GJ%6	1600	2.0521
%GJ%7	3200	2.5625
#KF#试验方法																															
#ZJ#快剪				15.12	36.5		
#ZK#Z80					
#QY#1	5.6	0.30		1.92	2.71	29.7	31.1	22.0																			
#SX# 					
#GJ#常规	20						0.19	9.64									0.831	0.791	0.774	0.755		0.731																			
#GY#																						
%GJ%1	50	0.4369
%GJ%2	100	0.6226
%GJ%3	200	0.8301
%GJ%4	400	1.0923
#KF#试验方法																14.9	69.8	90.5		9.5	0.005		0.015		0.029			0.065	9.5	5.80	1.55
#ZJ#快剪				26.24	13.5		
#QY#2	15.7	0.20		1.86	2.71	29.5	30.8	21.2																			
#SX# 					
#GJ#常规	20						0.24	7.86									0.887	0.862	0.844	0.820		0.789																			
#GY#																						
%GJ%1	50	0.2650
%GJ%2	100	0.4557
%GJ%3	200	0.7101
%GJ%4	400	1.0387
#KF#试验方法																13	74.1	90.9		9.1	0.006		0.015		0.029			0.064	9.1	4.83	1.29
#ZJ#快剪				26.14	12.7		
#QY#3	21.7	0.20		1.75	2.74	42.5	38.6	21.1																			
#SX# 					
#GJ#常规	20						1.00	2.23									1.231	1.104	1.020	0.920		0.809																			
#GY#																						
%GJ%1	50	1.1385
%GJ%2	100	1.8915
%GJ%3	200	2.7880
%GJ%4	400	3.7831
#KF#试验方法																															
#ZJ#快剪				10.23	12.8		
#QY#4	27.7	0.20		1.78	2.74	44.6	39.0	21.2																			
#SX# 					
#GJ#常规	20						0.78	2.85									1.226	1.142	1.080	1.002		0.912																			
#GY#																						
%GJ%1	50	0.7547
%GJ%2	100	1.3118
%GJ%3	200	2.0126
%GJ%4	400	2.8212
#KF#试验方法																															
#ZJ#快剪				10.45	13.2		
#QY#5	33.7	0.20		1.82	2.73	36.4	35.2	20.0																			
#SX# 					
#GJ#常规	20						0.71	2.88									1.046	0.948	0.885	0.814		0.736																			
#GY#																						
%GJ%1	50	0.9580
%GJ%2	100	1.5738
%GJ%3	200	2.2678
%GJ%4	400	3.0303
#KF#试验方法																															
#ZJ#快剪				12.24	15.6		
#QY#6	38.7	0.20		2.02	2.72	21.3	28.8	17.4																			
#SX# 					
#GJ#常规	20						0.20	8.17									0.633	0.601	0.585	0.565		0.541																			
#GY#																						
%GJ%1	50	0.3919
%GJ%2	100	0.5879
%GJ%3	200	0.8328
%GJ%4	400	1.1268
#KF#试验方法																															
#ZJ#快剪				21.27	55.6		
#QY#7	42.7	0.20		1.99	2.71	26.4	29.0	19.8																			
#SX# 					
#GJ#常规	20						0.13	13.24									0.721	0.707	0.698	0.685		0.667																			
#GY#0.05	34.42			0.03	57.37													0.647			0.623	
%GJ%1	50	0.1627
%GJ%2	100	0.2673
%GJ%3	200	0.4184
%GJ%4	400	0.6275
%GJ%5	800	0.8600
%GJ%6	1600	1.1389
#KF#试验方法																															
#ZJ#快剪				26.09	12.5		
#QY#8	46.7	0.20		1.94	2.71	26.9	28.4	19.1																			
#SX# 					
#GJ#常规	20						0.13	13.64									0.773	0.759	0.748	0.735		0.717																			
#GY#0.05	35.46			0.03	54.55													0.697			0.671	
%GJ%1	50	0.1579
%GJ%2	100	0.2820
%GJ%3	200	0.4287
%GJ%4	400	0.6317
%GJ%5	800	0.8573
%GJ%6	1600	1.1506
#KF#试验方法																															
#ZJ#快剪				27.08	13.4		
#QY#9	52.7	0.20		1.94	2.71	26.0	29.3	20.3																			
#SX# 					
#GJ#常规	20						0.13	13.54									0.760	0.746	0.736	0.723		0.707																			
#GY#0.05	35.20			0.03	52.15													0.687			0.660	
%GJ%1	50	0.1591
%GJ%2	100	0.2727
%GJ%3	200	0.4205
%GJ%4	400	0.6023
%GJ%5	800	0.8295
%GJ%6	1600	1.1364
#KF#试验方法																															
#ZJ#快剪				27.05	12.8		
#QY#10	56.1	0.20		1.95	2.72	26.2	29.9	18.2																			
#SX# 					
#GJ#常规	20						0.29	6.07									0.760	0.720	0.696	0.667		0.630																			
#GY#0.11	15.64			0.07	24.28													0.585			0.527	
%GJ%1	50	0.4545
%GJ%2	100	0.7273
%GJ%3	200	1.0568
%GJ%4	400	1.4773
%GJ%5	800	1.9886
%GJ%6	1600	2.6477
#KF#试验方法																															
#ZJ#快剪				16.91	41.6		
#QY#11	61.7	0.20		1.95	2.72	27.0	31.3	18.5																			
#SX# 					
#GJ#常规	20						0.27	6.56									0.771	0.733	0.715	0.688		0.659																			
#GY#0.08	22.14			0.05	38.29	0.03	51.52											0.627			0.590	0.535
%GJ%1	50	0.4291
%GJ%2	100	0.6324
%GJ%3	200	0.9373
%GJ%4	400	1.2648
%GJ%5	800	1.6262
%GJ%6	1600	2.0440
%GJ%7	3200	2.6652
#KF#试验方法																															
#ZJ#快剪				16.10	42.6		
#QY#12	66.7	0.20																									
#SX# 					
#GJ#常规	20																																								
#GY#																						
#KF#试验方法									2.9		9.8	15.3		50.7	50.7	21.3		21.3			0.008		0.091		0.187			1.480		24.64	5.87
#ZJ#快剪							
#QY#13	69.7	0.20		1.87	2.73	34.7	36.6	20.3																			
#SX# 					
#GJ#常规	20						0.35	5.62									0.966	0.926	0.897	0.862		0.805																			
#GY#0.17	11.74			0.12	17.10	0.08	23.47											0.738			0.646	0.512
%GJ%1	50	0.4069
%GJ%2	100	0.7019
%GJ%3	200	1.0580
%GJ%4	400	1.6378
%GJ%5	800	2.3194
%GJ%6	1600	3.2553
%GJ%7	3200	4.6185
#KF#试验方法																															
#ZJ#快剪				15.07	31.2		
#QY#14	73.7	0.20		1.82	2.75	41.1	43.8	22.7																			
#SX# 					
#GJ#常规	20						0.39	5.47									1.132	1.086	1.058	1.019		0.962																			
#GY#0.20	10.53			0.11	19.38	0.06	35.91											0.881			0.793	0.698
%GJ%1	50	0.4315
%GJ%2	100	0.6942
%GJ%3	200	1.0600
%GJ%4	400	1.5947
%GJ%5	800	2.3546
%GJ%6	1600	3.1801
%GJ%7	3200	4.0713
#KF#试验方法																															
#ZJ#快剪				13.75	31.5		
#ZK#Z83					
#QY#1	.65	0.30		1.85	2.72	31.9	34.1	21.6																			
#SX# 					
#GJ#常规	20						0.47	4.13									0.939	0.887	0.849	0.802		0.747																			
#GY#																						
%GJ%1	50	0.5364
%GJ%2	100	0.9283
%GJ%3	200	1.4131
%GJ%4	400	1.9804
#KF#试验方法																															
#ZJ#快剪				13.22	25.8		
#QY#2	2.15	0.30		1.86	2.73	34.7	36.8	22.5																			
#SX# 					
#GJ#常规	20						0.44	4.49									0.977	0.931	0.898	0.854		0.794																			
#GY#																						
%GJ%1	50	0.4654
%GJ%2	100	0.7992
%GJ%3	200	1.2443
%GJ%4	400	1.8513
#KF#试验方法																															
#ZJ#快剪				12.07	25.7		
#QY#3	7.75	0.20		1.92	2.71	26.4	29.1	20.0																			
#SX# 					
#GJ#常规	20						0.21	8.50									0.784	0.762	0.747	0.726		0.700																			
#GY#																						
%GJ%1	50	0.2466
%GJ%2	100	0.4148
%GJ%3	200	0.6502
%GJ%4	400	0.9417
#KF#试验方法														6.8	6.8	13.6	67.5	85.3		7.9	0.007		0.016		0.032			0.102	7.9	4.57	1.14
#ZJ#快剪				27.05	12.5		
#QY#4	23.75	0.20		1.81	2.73	37.2	35.1	19.9																			
#SX# 					
#GJ#常规	20						0.84	2.46									1.069	0.981	0.929	0.845		0.753																			
#GY#																						
%GJ%1	50	0.8507
%GJ%2	100	1.3533
%GJ%3	200	2.1653
%GJ%4	400	3.0546
#KF#试验方法																															
#ZJ#快剪				12.97	14.4		
#QY#5	36.15	0.30		1.77	2.74	45.7	39.9	21.5																			
#SX# 					
#GJ#常规	20						0.86	2.62									1.255	1.170	1.108	1.022		0.915																			
#GY#																						
%GJ%1	50	0.7539
%GJ%2	100	1.3038
%GJ%3	200	2.0665
%GJ%4	400	3.0155
#KF#试验方法																															
#ZJ#快剪				10.29	15.2		
#QY#6	41.65	0.30		1.90	2.71	27.5	29.7	20.2																			
#SX# 					
#GJ#常规	20						0.18	10.10									0.819	0.800	0.784	0.766		0.737																			
#GY#0.11	17.32			0.06	27.98													0.695			0.643	
%GJ%1	50	0.2089
%GJ%2	100	0.3848
%GJ%3	200	0.5827
%GJ%4	400	0.9016
%GJ%5	800	1.3634
%GJ%6	1600	1.9351
#KF#试验方法																															
#ZJ#快剪				26.89	11.5		
#QY#7	51.65	0.30		2.02	2.72	23.8	30.3	18.0																			
#SX# 					
#GJ#常规	20						0.20	8.34									0.667	0.637	0.622	0.602		0.575																			
#GY#0.10	17.10			0.06	28.99													0.536			0.490	
%GJ%1	50	0.3599
%GJ%2	100	0.5399
%GJ%3	200	0.7798
%GJ%4	400	1.1038
%GJ%5	800	1.5717
%GJ%6	1600	2.1236
#KF#试验方法																															
#ZJ#快剪				20.90	49.2		
#QY#8	58.15	0.30		1.89	2.72	29.4	33.2	19.3																			
#SX# 					
#GJ#常规	20						0.34	5.48									0.862	0.837	0.817	0.783		0.743																			
#GY#0.11	16.55			0.06	31.03	0.04	48.84											0.698			0.650	0.589
%GJ%1	50	0.2685
%GJ%2	100	0.4834
%GJ%3	200	0.8485
%GJ%4	400	1.2782
%GJ%5	800	1.7615
%GJ%6	1600	2.2771
%GJ%7	3200	2.9323
#KF#试验方法																															
#ZJ#快剪				16.25	29.8		
#QY#9	69.65	0.30		1.89	2.73	30.8	35.0	19.9																			
#SX# 					
#GJ#常规	20						0.34	5.56									0.889	0.844	0.819	0.785		0.745																			
#GY#0.12	15.42			0.07	26.99	0.04	44.45											0.696			0.640	0.572
%GJ%1	50	0.4764
%GJ%2	100	0.7411
%GJ%3	200	1.1011
%GJ%4	400	1.5246
%GJ%5	800	2.0434
%GJ%6	1600	2.6363
%GJ%7	3200	3.3563
#KF#试验方法																															
#ZJ#快剪				16.09	32.3		
#QY#R1	64.1	0.30	1																								
#SX# 					
#GJ#常规	20																																								
#GY#																						
#KF#试验方法									4.9		15	36.6		26.2	26.2	17.3		17.3			0.012		0.133		0.342			1.974		28.26	4.29
#ZJ#快剪							
#ZK#Z75					
#QY#1	3.25	0.20		1.89	2.72	29.9	31.6	18.5																			
#SX# 					
#GJ#常规	20						0.49	3.82									0.869	0.808	0.768	0.719		0.665																			
#GY#																						
%GJ%1	50	0.6528
%GJ%2	100	1.0808
%GJ%3	200	1.6051
%GJ%4	400	2.1830
#KF#试验方法																															
#ZJ#快剪				13.17	23.5		
#QY#2	10.75	0.20		1.87	2.72	34.2	32.8	19.1																			
#SX# 					
#GJ#常规	20						0.58	3.37									0.952	0.872	0.829	0.771		0.694																			
#GY#																						
%GJ%1	50	0.8197
%GJ%2	100	1.2602
%GJ%3	200	1.8545
%GJ%4	400	2.6434
#KF#试验方法																															
#ZJ#快剪				14.30	17.6		
#QY#3	22.75	0.20		1.80	2.73	39.8	36.3	20.3																			
#SX# 					
#GJ#常规	20						0.70	3.03									1.120	1.052	1.001	0.931		0.841																			
#GY#																						
%GJ%1	50	0.6415
%GJ%2	100	1.1226
%GJ%3	200	1.7830
%GJ%4	400	2.6321
#KF#试验方法																															
#ZJ#快剪				12.10	15.2		
#QY#4	34.75	0.20		1.79	2.74	43.6	38.6	21.1																			
#SX# 					
#GJ#常规	20						0.81	2.71									1.198	1.113	1.061	0.980		0.901																			
#GY#																						
%GJ%1	50	0.7734
%GJ%2	100	1.2466
%GJ%3	200	1.9836
%GJ%4	400	2.7025
#KF#试验方法																															
#ZJ#快剪				10.53	13.7		
#QY#5	40.75	0.20		2.00	2.71	25.0	28.5	19.2																			
#SX# 					
#GJ#常规	20						0.12	14.11									0.694	0.680	0.672	0.660		0.645																			
#GY#																						
%GJ%1	50	0.1653
%GJ%2	100	0.2597
%GJ%3	200	0.4014
%GJ%4	400	0.5785
#KF#试验方法																															
#ZJ#快剪				27.67	13.1		
#QY#6	44.75	0.20		2.01	2.71	25.8	29.4	20.2																			
#SX# 					
#GJ#常规	20						0.12	14.13									0.696	0.681	0.672	0.660		0.646																			
#GY#																						
%GJ%1	50	0.1769
%GJ%2	100	0.2830
%GJ%3	200	0.4245
%GJ%4	400	0.5896
#KF#试验方法																															
#ZJ#快剪				27.10	13.6		
#QY#7	52.75	0.20		2.03	2.72	21.3	26.5	15.5																			
#SX# 					
#GJ#常规	20						0.13	12.50									0.625	0.609	0.598	0.585		0.565																			
#GY#0.07	22.41			0.04	41.94													0.536			0.505	
%GJ%1	50	0.1969
%GJ%2	100	0.3323
%GJ%3	200	0.4923
%GJ%4	400	0.7385
%GJ%5	800	1.0954
%GJ%6	1600	1.4769
#KF#试验方法																															
#ZJ#快剪				17.31	42.3		
#QY#8	60.75	0.20		2.04	2.72	21.4	26.2	15.1																			
#SX# 					
#GJ#常规	20						0.20	8.09									0.619	0.601	0.585	0.565		0.538																			
#GY#0.07	23.99			0.04	41.78	0.03	63.18											0.511			0.480	0.439
%GJ%1	50	0.2224
%GJ%2	100	0.4200
%GJ%3	200	0.6671
%GJ%4	400	1.0006
%GJ%5	800	1.3342
%GJ%6	1600	1.7171
%GJ%7	3200	2.2236
#KF#试验方法																															
#ZJ#快剪				19.31	42.5		
#QY#9	74.75	0.20		1.83	2.74	37.0	40.6	21.6																			
#SX# 					
#GJ#常规	20						0.37	5.54									1.051	1.016	0.994	0.957		0.911																			
#GY#0.15	13.91			0.08	25.64	0.05	42.07											0.852			0.788	0.710
%GJ%1	50	0.3413
%GJ%2	100	0.5558
%GJ%3	200	0.9166
%GJ%4	400	1.3652
%GJ%5	800	1.9405
%GJ%6	1600	2.5646
%GJ%7	3200	3.3252
#KF#试验方法																															
#ZJ#快剪				15.62	31.4		
#QY#R1	66.75	0.20	1																								
#SX# 					
#GJ#常规	20																																								
#GY#																						
#KF#试验方法									3.6		14.6	38.4		25.6	25.6	17.8		17.8			0.011		0.132		0.337			1.730		29.84	4.56
#ZJ#快剪							
#ZK#Z74					
#QY#1	1.15	0.30		1.92	2.73	31.7	34.8	19.9																			
#SX# 					
#GJ#常规	20						0.44	4.26									0.873	0.824	0.793	0.749		0.704																			
#GY#																						
%GJ%1	50	0.5232
%GJ%2	100	0.8542
%GJ%3	200	1.3241
%GJ%4	400	1.8046
#KF#试验方法																															
#ZJ#快剪				13.45	24.5		
#QY#2	2.75	0.20		1.89	2.72	32.1	34.2	21.5																			
#SX# 					
#GJ#常规	20						0.40	4.75									0.901	0.859	0.832	0.792		0.745																			
#GY#																						
%GJ%1	50	0.4419
%GJ%2	100	0.7259
%GJ%3	200	1.1468
%GJ%4	400	1.6412
#KF#试验方法																															
#ZJ#快剪				15.24	28.3		
#QY#3	4.75	0.20		1.97	2.71	26.5	29.0	19.4																			
#SX# 					
#GJ#常规	20						0.13	13.38									0.740	0.727	0.720	0.707		0.702																			
#GY#																						
%GJ%1	50	0.1494
%GJ%2	100	0.2299
%GJ%3	200	0.3793
%GJ%4	400	0.4368
#KF#试验方法														11.9	11.9	12.2	64.5	81.2		6.9	0.008		0.017		0.034			0.149	6.9	4.25	1.06
#ZJ#快剪				27.25	12.7		
#QY#4	10.75	0.20		1.97	2.71	24.2	27.1	17.3																			
#SX# 					
#GJ#常规	20						0.19	8.99									0.709	0.682	0.664	0.645		0.623																			
#GY#																						
%GJ%1	50	0.3160
%GJ%2	100	0.5266
%GJ%3	200	0.7490
%GJ%4	400	1.0064
#KF#试验方法														13.9	13.9	15.8	60.8	80.4		5.7	0.011		0.018		0.038			0.161	5.7	3.45	0.78
#ZJ#快剪				25.34	13.4		
#QY#5	20.75	0.20		1.82	2.73	36.6	34.0	19.6																			
#SX# 					
#GJ#常规	20						0.68	3.01									1.049	0.992	0.954	0.886		0.782																			
#GY#																						
%GJ%1	50	0.5564
%GJ%2	100	0.9273
%GJ%3	200	1.5910
%GJ%4	400	2.6061
#KF#试验方法																															
#ZJ#快剪				11.45	15.1		
#QY#6	28.75	0.20		1.81	2.73	39.6	37.0	20.5																			
#SX# 					
#GJ#常规	20						0.74	2.85									1.106	1.032	0.983	0.909		0.822																			
#GY#																						
%GJ%1	50	0.7028
%GJ%2	100	1.1681
%GJ%3	200	1.8708
%GJ%4	400	2.6971
#KF#试验方法																															
#ZJ#快剪				12.25	17.3		
#QY#7	36.75	0.20		1.79	2.75	44.2	44.4	23.0																			
#SX# 					
#GJ#常规	20						0.67	3.31									1.215	1.126	1.066	0.999		0.891																			
#GY#																						
%GJ%1	50	0.8036
%GJ%2	100	1.3454
%GJ%3	200	1.9503
%GJ%4	400	2.9255
#KF#试验方法																															
#ZJ#快剪				13.19	21.8		
#QY#8	40.75	0.20		1.99	2.71	25.9	27.6	18.3																			
#SX# 					
#GJ#常规	20						0.18	9.53									0.715	0.695	0.682	0.664		0.642																			
#GY#																						
%GJ%1	50	0.2332
%GJ%2	100	0.3848
%GJ%3	200	0.5948
%GJ%4	400	0.8513
#KF#试验方法																															
#ZJ#快剪				27.44	14.2		
#QY#9	48.75	0.20																									
#SX# 					
#GJ#常规	20																																								
#GY#																						
#KF#试验方法											6.4	9.2		64.1	64.1	20.3		20.3			0.008		0.089		0.157			0.686		18.69	6.04
#ZJ#快剪							
#QY#10	56.75	0.20		1.95	2.72	24.3	27.3	16.9																			
#SX# 					
#GJ#常规	20						0.34	5.10									0.734	0.695	0.666	0.632		0.595																			
#GY#0.11	16.51			0.06	27.20													0.553			0.502	
%GJ%1	50	0.4498
%GJ%2	100	0.7843
%GJ%3	200	1.1765
%GJ%4	400	1.6032
%GJ%5	800	2.0877
%GJ%6	1600	2.6759
#KF#试验方法												4.5		35.1	35.1	60.4		60.4			0.002		0.009		0.072			0.246		35.47	0.49
#ZJ#快剪							
#QY#R1	67.1	0.30	1																								
#SX# 					
#GJ#常规	20																																								
#GY#																						
#KF#试验方法									.9		7.4	20.7		55.3	55.3	15.7		15.7			0.016		0.101		0.196			0.920		12.47	3.32
#ZJ#快剪							
#QY#11	72.75	0.20		1.83	2.74	37.6	41.0	21.8																			
#SX# 					
#GJ#常规	20						0.38	5.42									1.060	1.028	1.004	0.966		0.932																			
#GY#0.11	18.31			0.06	32.96	0.04	55.86											0.887			0.837	0.778
%GJ%1	50	0.3107
%GJ%2	100	0.5437
%GJ%3	200	0.9126
%GJ%4	400	1.2427
%GJ%5	800	1.6796
%GJ%6	1600	2.1650
%GJ%7	3200	2.7379
#KF#试验方法																															
#ZJ#快剪				14.56	34.9		
#ZK#Z47					
#QY#1	1.6	0.30		1.86	2.72	29.4	32.1	18.7																			
#SX# 					
#GJ#常规	20						0.44	4.30									0.892	0.851	0.822	0.778		0.723																			
#GY#																						
%GJ%1	50	0.4334
%GJ%2	100	0.7400
%GJ%3	200	1.2051
%GJ%4	400	1.7865
#KF#试验方法																															
#ZJ#快剪				14.11	24.6		
#QY#2	4.1	0.30		1.86	2.73	36.3	38.6	24.5																			
#SX# 					
#GJ#常规	20						0.44	4.55									1.001	0.946	0.912	0.868		0.807																			
#GY#																						
%GJ%1	50	0.5497
%GJ%2	100	0.8896
%GJ%3	200	1.3293
%GJ%4	400	1.9390
#KF#试验方法																															
#ZJ#快剪				14.22	26.9		
#QY#3	11.7	0.20		1.88	2.71	28.5	30.1	20.4																			
#SX# 					
#GJ#常规	20						0.20	9.26									0.852	0.831	0.818	0.798		0.775																			
#GY#																						
%GJ%1	50	0.2268
%GJ%2	100	0.3672
%GJ%3	200	0.5832
%GJ%4	400	0.8315
#KF#试验方法														5.9	5.9	10.9	71	85.7		8.4	0.007		0.016		0.03			0.088	8.4	4.29	1.22
#ZJ#快剪				26.07	13.7		
#QY#4	27.7	0.20		1.80	2.73	38.5	35.0	19.9																			
#SX# 					
#GJ#常规	20						0.72	2.92									1.101	1.026	0.975	0.903		0.836																			
#GY#																						
%GJ%1	50	0.7139
%GJ%2	100	1.1994
%GJ%3	200	1.8848
%GJ%4	400	2.5226
#KF#试验方法																															
#ZJ#快剪				11.20	14.8		
#QY#5	35.7	0.20		1.77	2.74	44.3	39.1	21.2																			
#SX# 					
#GJ#常规	20						0.90	2.48									1.234	1.137	1.059	0.969		0.885																			
#GY#																						
%GJ%1	50	0.8684
%GJ%2	100	1.5667
%GJ%3	200	2.3724
%GJ%4	400	3.1244
#KF#试验方法																															
#ZJ#快剪				10.53	12.7		
#QY#6	39.7	0.20		2.03	2.72	20.9	29.3	17.8																			
#SX# 					
#GJ#常规	20						0.17	9.53									0.620	0.604	0.593	0.576		0.553																			
#GY#																						
%GJ%1	50	0.1975
%GJ%2	100	0.3333
%GJ%3	200	0.5432
%GJ%4	400	0.8272
#KF#试验方法																															
#ZJ#快剪				20.72	58.4		
#QY#7	43.7	0.20		1.98	2.71	25.5	29.2	20.2																			
#SX# 					
#GJ#常规	20						0.16	10.74									0.718	0.696	0.683	0.667		0.647																			
#GY#0.05	38.18			0.04	42.95													0.629			0.597	
%GJ%1	50	0.2561
%GJ%2	100	0.4075
%GJ%3	200	0.5937
%GJ%4	400	0.8265
%GJ%5	800	1.0361
%GJ%6	1600	1.4086
#KF#试验方法												2.1		32.5	32.5	65.4		65.4			0.002		0.007		0.052			0.224		27.07	0.52
#ZJ#快剪							
#QY#8	49.7	0.20		2.01	2.71	23.6	26.8	17.6																			
#SX# 					
#GJ#常规	20						0.16	10.42									0.666	0.651	0.633	0.617		0.590																			
#GY#0.07	22.98			0.04	47.60													0.561			0.533	
%GJ%1	50	0.1801
%GJ%2	100	0.3962
%GJ%3	200	0.5882
%GJ%4	400	0.9124
%GJ%5	800	1.2605
%GJ%6	1600	1.5966
#KF#试验方法																															
#ZJ#快剪				27.66	12.5		
#QY#9	53.7	0.20																									
#SX# 					
#GJ#常规	20																																								
#GY#																						
#KF#试验方法											6.8	9.3		64.5	64.5	19.4		19.4			0.009		0.091		0.159			0.714		17.07	5.56
#ZJ#快剪							
#QY#10	59.7	0.20																									
#SX# 					
#GJ#常规	20																																								
#GY#																						
#KF#试验方法												2.2		53.6	53.6	44.2		44.2			0.003		0.019		0.106			0.235		39.77	1.25
#ZJ#快剪							
#QY#11	63.7	0.20		1.91	2.72	26.8	29.5	18.1																			
#SX# 					
#GJ#常规	20						0.33	5.47									0.806	0.770	0.745	0.712		0.671																			
#GY#0.10	17.62			0.06	31.41	0.04	48.98											0.630			0.584	0.525
%GJ%1	50	0.3987
%GJ%2	100	0.6755
%GJ%3	200	1.0410
%GJ%4	400	1.4950
%GJ%5	800	1.9491
%GJ%6	1600	2.4585
%GJ%7	3200	3.1118
#KF#试验方法																															
#ZJ#快剪				15.58	35.1		
#QY#12	67.7	0.20																									
#SX# 					
#GJ#常规	20																																								
#GY#																						
#KF#试验方法									8.5		31.2	20.1		25.1	25.1	15.1		15.1			0.017		0.152		0.495			2.930		28.55	2.70
#ZJ#快剪							
#QY#13	73.7	0.20		1.86	2.74	36.7	40.3	21.6																			
#SX# 					
#GJ#常规	20						0.34	5.92									1.014	0.975	0.951	0.917		0.874																			
#GY#0.12	17.14			0.06	30.98	0.04	47.39											0.827			0.775	0.707
%GJ%1	50	0.3873
%GJ%2	100	0.6256
%GJ%3	200	0.9633
%GJ%4	400	1.3903
%GJ%5	800	1.8570
%GJ%6	1600	2.3734
%GJ%7	3200	3.0487
#KF#试验方法																															
#ZJ#快剪				14.20	34.0		
#ZK#Z78					
#QY#1	1.25	0.20		1.92	2.72	28.9	33.0	19.2																			
#SX# 					
#GJ#常规	20						0.29	6.30									0.826	0.796	0.776	0.747		0.714																			
#GY#																						
%GJ%1	50	0.3286
%GJ%2	100	0.5476
%GJ%3	200	0.8653
%GJ%4	400	1.2267
#KF#试验方法																															
#ZJ#快剪				15.18	40.5		
#QY#2	2.75	0.20		1.89	2.72	30.4	32.5	18.8																			
#SX# 					
#GJ#常规	20						0.44	4.27									0.877	0.837	0.805	0.761		0.712																			
#GY#																						
%GJ%1	50	0.4262
%GJ%2	100	0.7672
%GJ%3	200	1.2360
%GJ%4	400	1.7581
#KF#试验方法																															
#ZJ#快剪				14.24	25.1		
#QY#3	11.75	0.20		1.93	2.71	26.2	29.1	20.0																			
#SX# 					
#GJ#常规	20						0.13	13.63									0.772	0.761	0.752	0.739		0.722																			
#GY#																						
%GJ%1	50	0.1242
%GJ%2	100	0.2257
%GJ%3	200	0.3725
%GJ%4	400	0.5643
#KF#试验方法														10.4	10.4	11.9	68.3	83.5		6.1	0.011		0.017		0.034			0.139	6.1	3.09	0.77
#ZJ#快剪				26.72	13.6		
#QY#4	23.75	0.20		1.83	2.73	36.3	34.8	19.9																			
#SX# 					
#GJ#常规	20						0.68	2.99									1.033	0.961	0.916	0.848		0.762																			
#GY#																						
%GJ%1	50	0.7083
%GJ%2	100	1.1510
%GJ%3	200	1.8200
%GJ%4	400	2.6660
#KF#试验方法																															
#ZJ#快剪				12.21	17.7		
#QY#5	37.75	0.20		1.81	2.73	37.1	35.0	19.9																			
#SX# 					
#GJ#常规	20						0.71	2.91									1.068	0.954	0.911	0.840		0.754																			
#GY#																						
%GJ%1	50	1.1025
%GJ%2	100	1.5184
%GJ%3	200	2.2050
%GJ%4	400	3.0368
#KF#试验方法																															
#ZJ#快剪				10.67	15.9		
#QY#6	41.75	0.20		1.91	2.71	26.3	28.7	19.5																			
#SX# 					
#GJ#常规	20						0.18	9.96									0.792	0.765	0.747	0.729		0.710																			
#GY#0.06	31.17			0.04	46.25													0.687			0.656	
%GJ%1	50	0.3013
%GJ%2	100	0.5022
%GJ%3	200	0.7031
%GJ%4	400	0.9152
%GJ%5	800	1.1719
%GJ%6	1600	1.5179
#KF#试验方法																															
#ZJ#快剪				26.25	12.5		
#QY#7	53.75	0.20		2.00	2.72	23.8	27.5	16.3																			
#SX# 					
#GJ#常规	20						0.29	5.81									0.684	0.650	0.631	0.602		0.569																			
#GY#0.10	16.84			0.06	28.07													0.529			0.481	
%GJ%1	50	0.4038
%GJ%2	100	0.6295
%GJ%3	200	0.9739
%GJ%4	400	1.3658
%GJ%5	800	1.8409
%GJ%6	1600	2.4109
#KF#试验方法																															
#ZJ#快剪				16.23	35.7		
#QY#8	72.75	0.20		1.88	2.73	32.7	36.3	20.3																			
#SX# 					
#GJ#常规	20						0.29	6.64									0.927	0.898	0.878	0.849		0.816																			
#GY#0.09	20.83			0.05	38.54	0.03	68.52											0.779			0.739	0.694
%GJ%1	50	0.3010
%GJ%2	100	0.5086
%GJ%3	200	0.8095
%GJ%4	400	1.1520
%GJ%5	800	1.5361
%GJ%6	1600	1.9512
%GJ%7	3200	2.4183
#KF#试验方法																															
#ZJ#快剪				15.16	36.6		
#QY#R1	66.1	0.30	1																								
#SX# 					
#GJ#常规	20																																								
#GY#																						
#KF#试验方法									1.6		8	21		55.3	55.3	14.1		14.1			0.021		0.105		0.203			1.113		9.47	2.52
#ZJ#快剪							
#ZK#Z55					
#QY#1	2.65	0.30		1.64	2.75	55.5	43.5	22.6																			
#SX# 					
#GJ#常规	20						1.33	1.96									1.607	1.351	1.240	1.107		0.980																			
#GY#																						
%GJ%1	50	1.9639
%GJ%2	100	2.8155
%GJ%3	200	3.8358
%GJ%4	400	4.8101
#KF#试验方法																															
#ZJ#快剪				8.34	9.0		
#QY#2	3.75	0.20		1.80	2.73	38.4	37.0	20.5																			
#SX# 					
#GJ#常规	20						0.75	2.80									1.099	0.969	0.900	0.825		0.746																			
#GY#																						
%GJ%1	50	1.2387
%GJ%2	100	1.8961
%GJ%3	200	2.6108
%GJ%4	400	3.3635
#KF#试验方法																															
#ZJ#快剪				12.54	16.3		
#QY#3	9.75	0.20		1.91	2.71	28.0	29.8	20.2																			
#SX# 					
#GJ#常规	20						0.21	8.65									0.816	0.785	0.769	0.748		0.722																			
#GY#																						
%GJ%1	50	0.3414
%GJ%2	100	0.5176
%GJ%3	200	0.7489
%GJ%4	400	1.0352
#KF#试验方法																16.7	71.1	91.8		8.2	0.007		0.016		0.03			0.066	8.2	4.29	1.22
#ZJ#快剪				26.14	12.7		
#QY#4	21.75	0.20		1.83	2.73	34.4	36.5	22.1																			
#SX# 					
#GJ#常规	20						0.60	3.34									1.005	0.935	0.886	0.826		0.756																			
#GY#																						
%GJ%1	50	0.6983
%GJ%2	100	1.1870
%GJ%3	200	1.7855
%GJ%4	400	2.4838
#KF#试验方法																															
#ZJ#快剪				12.86	22.7		
#QY#5	33.75	0.20		1.72	2.74	40.5	41.4	21.9																			
#SX# 					
#GJ#常规	20						0.71	3.15									1.238	1.151	1.102	1.031		0.938																			
#GY#																						
%GJ%1	50	0.7775
%GJ%2	100	1.2154
%GJ%3	200	1.8499
%GJ%4	400	2.6810
#KF#试验方法																															
#ZJ#快剪				11.27	20.6		
#QY#6	39.75	0.20		1.95	2.73	30.2	36.5	20.3																			
#SX# 					
#GJ#常规	20						0.25	7.29									0.823	0.793	0.776	0.751		0.714																			
#GY#																						
%GJ%1	50	0.3291
%GJ%2	100	0.5156
%GJ%3	200	0.7899
%GJ%4	400	1.1958
#KF#试验方法																															
#ZJ#快剪				17.39	39.5		
#QY#7	43.75	0.20		2.01	2.71	21.9	25.1	15.5																			
#SX# 					
#GJ#常规	20						0.15	10.96									0.644	0.630	0.619	0.604		0.584																			
#GY#0.06	27.40			0.04	45.35													0.560			0.531	
%GJ%1	50	0.1703
%GJ%2	100	0.3041
%GJ%3	200	0.4866
%GJ%4	400	0.7299
%GJ%5	800	1.0219
%GJ%6	1600	1.3747
#KF#试验方法																															
#ZJ#快剪				26.83	12.5		
#QY#8	49.75	0.20																									
#SX# 					
#GJ#常规	20																																								
#GY#																						
#KF#试验方法											4.6	8		65.7	65.7	21.7		21.7			0.007		0.087		0.150			0.481		20.59	6.87
#ZJ#快剪							
#QY#9	57.75	0.20		1.97	2.72	24.9	28.9	17.4																			
#SX# 					
#GJ#常规	20						0.29	5.95									0.725	0.690	0.669	0.640		0.605																			
#GY#0.10	17.25			0.06	30.67													0.565			0.520	
%GJ%1	50	0.4058
%GJ%2	100	0.6493
%GJ%3	200	0.9855
%GJ%4	400	1.3913
%GJ%5	800	1.8551
%GJ%6	1600	2.3768
#KF#试验方法																															
#ZJ#快剪				16.09	35.6		
#QY#10	73.75	0.20		1.87	2.74	34.4	38.1	20.9																			
#SX# 					
#GJ#常规	20						0.31	6.35									0.969	0.938	0.916	0.885		0.851																			
#GY#0.12	16.07			0.10	20.46	0.07	28.38											0.802			0.725	0.614
%GJ%1	50	0.3149
%GJ%2	100	0.5383
%GJ%3	200	0.8532
%GJ%4	400	1.1986
%GJ%5	800	1.6963
%GJ%6	1600	2.4784
%GJ%7	3200	3.6059
#KF#试验方法																															
#ZJ#快剪				15.74	34.5		
#QY#R1	67.75	0.20	1																								
#SX# 					
#GJ#常规	20																																								
#GY#																						
#KF#试验方法									4.4		14.6	38.3		25.9	25.9	16.8		16.8			0.013		0.138		0.342			1.901		26.18	4.23
#ZJ#快剪							
#ZK#Z92					
#QY#1	3.6	0.30		1.88	2.72	30.8	32.6	20.8																			
#SX# 					
#GJ#常规	20						0.41	4.62									0.892	0.839	0.806	0.765		0.714																			
#GY#																						
%GJ%1	50	0.5603
%GJ%2	100	0.9091
%GJ%3	200	1.3425
%GJ%4	400	1.8816
#KF#试验方法																															
#ZJ#快剪				16.23	28.4		
#QY#2	7.7	0.20		1.99	2.71	26.8	28.5	18.7																			
#SX# 					
#GJ#常规	20						0.17	10.16									0.727	0.701	0.688	0.671		0.651																			
#GY#																						
%GJ%1	50	0.3011
%GJ%2	100	0.4517
%GJ%3	200	0.6485
%GJ%4	400	0.8801
#KF#试验方法																13	74.6	91.6		8.4	0.007		0.016		0.029			0.064	8.4	4.14	1.26
#ZJ#快剪				27.43	12.4		
#QY#3	11.7	0.20		1.95	2.71	28.6	30.6	21.1																			
#SX# 					
#GJ#常规	20						0.20	8.94									0.787	0.759	0.744	0.724		0.700																			
#GY#																						
%GJ%1	50	0.3134
%GJ%2	100	0.4813
%GJ%3	200	0.7051
%GJ%4	400	0.9737
#KF#试验方法																13	73.8	90.3		9.7	0.005		0.015		0.029			0.064	9.7	5.80	1.55
#ZJ#快剪				26.24	14.3		
#QY#4	15.7	0.20		1.94	2.71	27.2	29.2	20.0																			
#SX# 					
#GJ#常规	20						0.17	10.45									0.777	0.755	0.742	0.725		0.704																			
#GY#																						
%GJ%1	50	0.2476
%GJ%2	100	0.3939
%GJ%3	200	0.5853
%GJ%4	400	0.8216
#KF#试验方法																11.2	77.9	92.9		7.1	0.009		0.016		0.028			0.063	7.1	3.11	1.02
#ZJ#快剪				27.14	13.4		
#QY#5	19.7	0.20		1.99	2.71	22.4	25.5	16.8																			
#SX# 					
#GJ#常规	20						0.16	10.42									0.667	0.647	0.637	0.621		0.600																			
#GY#																						
%GJ%1	50	0.2400
%GJ%2	100	0.3599
%GJ%3	200	0.5519
%GJ%4	400	0.8038
#KF#试验方法														20.8	20.8	15.9	54.5	74.5		4.7	0.011		0.02		0.045			0.186	4.7	4.09	0.81
#ZJ#快剪				29.17	11.1		
#QY#6	25.7	0.20		1.76	2.74	44.8	38.4	21.0																			
#SX# 					
#GJ#常规	20						0.78	2.89									1.254	1.141	1.078	1.000		0.917																			
#GY#																						
%GJ%1	50	1.0027
%GJ%2	100	1.5617
%GJ%3	200	2.2538
%GJ%4	400	2.9902
#KF#试验方法																															
#ZJ#快剪				10.15	12.9		
#QY#7	31.7	0.20		1.82	2.73	36.6	35.2	20.0																			
#SX# 					
#GJ#常规	20						0.69	2.97									1.049	0.976	0.926	0.857		0.783																			
#GY#																						
%GJ%1	50	0.7125
%GJ%2	100	1.2006
%GJ%3	200	1.8741
%GJ%4	400	2.5964
#KF#试验方法																															
#ZJ#快剪				12.71	13.6		
#QY#8	39.7	0.20		1.88	2.74	32.3	38.3	21.0																			
#SX# 					
#GJ#常规	20						0.31	6.22									0.928	0.890	0.869	0.838		0.795																			
#GY#																						
%GJ%1	50	0.3942
%GJ%2	100	0.6120
%GJ%3	200	0.9336
%GJ%4	400	1.3797
#KF#试验方法																															
#ZJ#快剪				16.31	38.6		
#QY#9	41.7	0.20		1.98	2.72	23.6	26.7	16.1																			
#SX# 					
#GJ#常规	20						0.28	6.06									0.698	0.662	0.643	0.615		0.584																			
#GY#0.08	20.58			0.05	34.83													0.551			0.512	
%GJ%1	50	0.4240
%GJ%2	100	0.6478
%GJ%3	200	0.9776
%GJ%4	400	1.3428
%GJ%5	800	1.7314
%GJ%6	1600	2.1908
#KF#试验方法												3.3		39.1	39.1	57.6		57.6			0.002		0.009		0.080			0.237		37.98	0.53
#ZJ#快剪							
#QY#10	47.7	0.20		1.98	2.71	24.4	27.1	18.0																			
#SX# 					
#GJ#常规	20						0.13	13.10									0.703	0.691	0.682	0.669		0.653																			
#GY#0.05	34.06			0.03	61.93													0.633			0.611	
%GJ%1	50	0.1409
%GJ%2	100	0.2466
%GJ%3	200	0.3993
%GJ%4	400	0.5872
%GJ%5	800	0.8221
%GJ%6	1600	1.0804
#KF#试验方法																															
#ZJ#快剪				29.53	13.4		
#QY#11	55.7	0.20		2.00	2.71	21.4	25.2	15.4																			
#SX# 					
#GJ#常规	20						0.13	12.65									0.645	0.633	0.624	0.611		0.591																			
#GY#0.06	27.42			0.04	42.45													0.567			0.536	
%GJ%1	50	0.1459
%GJ%2	100	0.2553
%GJ%3	200	0.4134
%GJ%4	400	0.6565
%GJ%5	800	0.9483
%GJ%6	1600	1.3252
#KF#试验方法																															
#ZJ#快剪				27.69	11.5		
#QY#12	59.7	0.20		2.00	2.72	21.7	25.6	15.1																			
#SX# 					
#GJ#常规	20						0.24	6.90									0.655	0.629	0.613	0.589		0.560																			
#GY#0.08	20.06			0.05	33.95	0.03	57.57											0.527			0.488	0.442
%GJ%1	50	0.3142
%GJ%2	100	0.5076
%GJ%3	200	0.7976
%GJ%4	400	1.1480
%GJ%5	800	1.5468
%GJ%6	1600	2.0181
%GJ%7	3200	2.5740
#KF#试验方法											2.6	3.7		35.2	35.2	58.5		58.5			0.002		0.009		0.079			0.317		37.63	0.51
#ZJ#快剪							
#QY#13	67.7	0.20		1.88	2.73	32.8	36.3	20.3																			
#SX# 					
#GJ#常规	20						0.31	6.22									0.928	0.885	0.861	0.830		0.790																			
#GY#0.13	14.55			0.07	26.14	0.04	43.45											0.737			0.678	0.607
%GJ%1	50	0.4461
%GJ%2	100	0.6950
%GJ%3	200	1.0166
%GJ%4	400	1.4315
%GJ%5	800	1.9813
%GJ%6	1600	2.5934
%GJ%7	3200	3.3299
#KF#试验方法																															
#ZJ#快剪				16.18	37.5		
#QY#14	73.7	0.20		1.87	2.74	36.0	39.8	21.4																			
#SX# 					
#GJ#常规	20						0.31	6.43									0.993	0.949	0.925	0.894		0.848																			
#GY#0.13	15.04			0.08	25.31	0.05	41.96											0.795			0.732	0.656
%GJ%1	50	0.4415
%GJ%2	100	0.6824
%GJ%3	200	0.9935
%GJ%4	400	1.4551
%GJ%5	800	1.9870
%GJ%6	1600	2.6192
%GJ%7	3200	3.3818
#KF#试验方法																															
#ZJ#快剪				15.33	34.8		
#ZK#Z84					
#QY#1	2.1	0.30		1.93	2.72	30.7	33.2	19.3																			
#SX# 					
#GJ#常规	20						0.37	4.98									0.842	0.807	0.782	0.745		0.688																			
#GY#																						
%GJ%1	50	0.3800
%GJ%2	100	0.6515
%GJ%3	200	1.0532
%GJ%4	400	1.6721
#KF#试验方法																															
#ZJ#快剪				14.80	27.6		
#QY#2	4.1	0.30		1.78	2.73	40.0	36.6	20.3																			
#SX# 					
#GJ#常规	20						0.85	2.53									1.147	1.026	0.969	0.884		0.823																			
#GY#																						
%GJ%1	50	1.1272
%GJ%2	100	1.6581
%GJ%3	200	2.4499
%GJ%4	400	3.0182
#KF#试验方法																															
#ZJ#快剪				11.18	14.3		
#QY#3	9.6	0.30		1.95	2.71	26.3	28.5	19.2																			
#SX# 					
#GJ#常规	20						0.14	12.54									0.755	0.735	0.727	0.713		0.699																			
#GY#																						
%GJ%1	50	0.2279
%GJ%2	100	0.3191
%GJ%3	200	0.4786
%GJ%4	400	0.6382
#KF#试验方法														7.2	7.2	11.4	71.3	86.7		6.1	0.01		0.017		0.032			0.107	6.1	3.20	0.90
#ZJ#快剪				28.10	13.8		
#QY#4	17.7	0.20		1.83	2.72	34.5	33.4	19.5																			
#SX# 					
#GJ#常规	20						0.50	4.00									0.999	0.940	0.902	0.852		0.787																			
#GY#																						
%GJ%1	50	0.5903
%GJ%2	100	0.9705
%GJ%3	200	1.4707
%GJ%4	400	2.1211
#KF#试验方法																															
#ZJ#快剪				14.68	16.3		
#QY#5	25.7	0.20		1.81	2.73	37.4	35.6	20.1																			
#SX# 					
#GJ#常规	20						0.66	3.14									1.072	0.993	0.945	0.879		0.797																			
#GY#																						
%GJ%1	50	0.7625
%GJ%2	100	1.2259
%GJ%3	200	1.8629
%GJ%4	400	2.6544
#KF#试验方法																															
#ZJ#快剪				12.12	14.2		
#QY#6	31.7	0.20		1.81	2.73	37.0	34.8	19.9																			
#SX# 					
#GJ#常规	20						0.72	2.87									1.066	0.982	0.924	0.852		0.769																			
#GY#																						
%GJ%1	50	0.8132
%GJ%2	100	1.3746
%GJ%3	200	2.0716
%GJ%4	400	2.8751
#KF#试验方法																															
#ZJ#快剪				13.09	12.7		
#QY#7	37.7	0.20		1.80	2.73	38.0	35.3	20.0																			
#SX# 					
#GJ#常规	20						0.61	3.43									1.093	0.987	0.934	0.873		0.800																			
#GY#																						
%GJ%1	50	1.0129
%GJ%2	100	1.5194
%GJ%3	200	2.1022
%GJ%4	400	2.7998
#KF#试验方法																															
#ZJ#快剪				12.17	13.5		
#QY#8	40.1	0.20		2.00	2.73	24.6	35.4	20.0																			
#SX# 					
#GJ#常规	20						0.22	7.73									0.701	0.676	0.662	0.640		0.609																			
#GY#																						
%GJ%1	50	0.2939
%GJ%2	100	0.4586
%GJ%3	200	0.7172
%GJ%4	400	1.0817
#KF#试验方法																															
#ZJ#快剪				21.31	52.3		
#QY#9	42.7	0.20		1.95	2.72	25.2	28.6	18.3																			
#SX# 					
#GJ#常规	20						0.27	6.47									0.746	0.712	0.691	0.664		0.635																			
#GY#0.08	21.83			0.05	33.26													0.603			0.561	
%GJ%1	50	0.3895
%GJ%2	100	0.6300
%GJ%3	200	0.9393
%GJ%4	400	1.2715
%GJ%5	800	1.6380
%GJ%6	1600	2.1191
#KF#试验方法																															
#ZJ#快剪							
#QY#10	44.7	0.20			2.71	21.1	25.1	15.5																			
#SX# 					
#GJ#常规	20																																								
#GY#																						
#KF#试验方法																															
#ZJ#快剪							
#QY#11	50.7	0.20		2.00	2.71	21.5	25.6	16.2																			
#SX# 					
#GJ#常规	20						0.11	14.97									0.646	0.633	0.625	0.614		0.600																			
#GY#0.04	43.89			0.03	59.85													0.585			0.563	
%GJ%1	50	0.1580
%GJ%2	100	0.2552
%GJ%3	200	0.3888
%GJ%4	400	0.5589
%GJ%5	800	0.7412
%GJ%6	1600	1.0085
#KF#试验方法																															
#ZJ#快剪				27.76	14.5		
#QY#12	56.7	0.20		2.00	2.72	25.9	29.8	18.1																			
#SX# 					
#GJ#常规	20						0.27	6.34									0.712	0.676	0.660	0.633		0.605																			
#GY#0.09	18.51			0.06	27.39	0.04	42.80											0.568			0.518	0.454
%GJ%1	50	0.4206
%GJ%2	100	0.6075
%GJ%3	200	0.9229
%GJ%4	400	1.2500
%GJ%5	800	1.6822
%GJ%6	1600	2.2664
%GJ%7	3200	3.0140
#KF#试验方法																															
#ZJ#快剪				16.73	37.5		
#QY#13	62.7	0.20		1.92	2.72	26.0	30.3	19.1																			
#SX# 					
#GJ#常规	20						0.26	6.87									0.785	0.757	0.740	0.714		0.688																			
#GY#0.07	23.80			0.05	36.62	0.03	57.12											0.658			0.619	0.569
%GJ%1	50	0.3137
%GJ%2	100	0.5042
%GJ%3	200	0.7955
%GJ%4	400	1.0868
%GJ%5	800	1.4230
%GJ%6	1600	1.8599
%GJ%7	3200	2.4202
#KF#试验方法																															
#ZJ#快剪				17.83	38.3		
#QY#14	66.7	0.20																									
#SX# 					
#GJ#常规	20																																								
#GY#																						
#KF#试验方法									8.6		31	19.5		24.8	24.8	16.1		16.1			0.015		0.146		0.493			2.927		33.52	2.95
#ZJ#快剪							
#QY#15	70.7	0.20		1.89	2.73	34.5	37.1	20.5																			
#SX# 					
#GJ#常规	20						0.34	5.71									0.943	0.914	0.891	0.857		0.811																			
#GY#0.13	14.66			0.08	25.07	0.05	37.46											0.758			0.696	0.613
%GJ%1	50	0.2985
%GJ%2	100	0.5353
%GJ%3	200	0.8852
%GJ%4	400	1.3587
%GJ%5	800	1.9043
%GJ%6	1600	2.5425
%GJ%7	3200	3.3968
#KF#试验方法																															
#ZJ#快剪				15.78	35.1		
#QY#16	74.7	0.20		1.85	2.74	38.3	39.6	21.3																			
#SX# 					
#GJ#常规	20						0.40	5.12									1.048	1.007	0.982	0.942		0.899																			
#GY#0.12	17.43			0.07	27.31	0.04	52.01											0.852			0.792	0.729
%GJ%1	50	0.4004
%GJ%2	100	0.6445
%GJ%3	200	1.0352
%GJ%4	400	1.4551
%GJ%5	800	1.9141
%GJ%6	1600	2.5000
%GJ%7	3200	3.1152
#KF#试验方法																															
#ZJ#快剪				14.67	31.8		
#ZK#Z32					
#QY#1	2.1	0.30		1.93	2.72	26.9	31.2	18.5																			
#SX# 					
#GJ#常规	20						0.32	5.59									0.788	0.750	0.726	0.694		0.656																			
#GY#																						
%GJ%1	50	0.4251
%GJ%2	100	0.6935
%GJ%3	200	1.0515
%GJ%4	400	1.4765
#KF#试验方法																															
#ZJ#快剪				16.16	33.6		
#QY#2	4.1	0.30		1.79	2.73	37.5	34.6	19.8																			
#SX# 					
#GJ#常规	20						0.57	3.68									1.097	1.011	0.962	0.905		0.825																			
#GY#																						
%GJ%1	50	0.8202
%GJ%2	100	1.2876
%GJ%3	200	1.8312
%GJ%4	400	2.5942
#KF#试验方法																															
#ZJ#快剪				10.73	14.3		
#QY#3	13.6	0.30		1.91	2.71	32.5	34.2	24.5																			
#SX# 					
#GJ#常规	20						0.19	9.89									0.880	0.862	0.847	0.828		0.795																			
#GY#																						
%GJ%1	50	0.1915
%GJ%2	100	0.3511
%GJ%3	200	0.5532
%GJ%4	400	0.9043
#KF#试验方法																6.1	78.5	89.4		10.6	0.005		0.014		0.026			0.054	10.6	5.20	1.51
#ZJ#快剪				27.74	14.3		
#QY#4	23.7	0.20		1.83	2.73	37.4	36.3	20.3																			
#SX# 					
#GJ#常规	20						0.55	3.73									1.050	0.974	0.931	0.876		0.807																			
#GY#																						
%GJ%1	50	0.7415
%GJ%2	100	1.1610
%GJ%3	200	1.6976
%GJ%4	400	2.3707
#KF#试验方法																															
#ZJ#快剪				11.74	14.8		
#QY#5	33.7	0.20		1.77	2.73	41.4	37.6	20.8																			
#SX# 					
#GJ#常规	20						0.82	2.66									1.181	1.090	1.037	0.955		0.877																			
#GY#																						
%GJ%1	50	0.8345
%GJ%2	100	1.3205
%GJ%3	200	2.0724
%GJ%4	400	2.7877
#KF#试验方法																															
#ZJ#快剪				11.91	16.4		
#QY#6	39.7	0.20		2.02	2.73	25.5	36.2	20.3																			
#SX# 					
#GJ#常规	20						0.17	9.98									0.696	0.672	0.658	0.641		0.618																			
#GY#																						
%GJ%1	50	0.2830
%GJ%2	100	0.4481
%GJ%3	200	0.6486
%GJ%4	400	0.9198
#KF#试验方法																															
#ZJ#快剪				19.79	57.4		
#QY#7	43.7	0.20		1.93	2.71	27.1	29.8	20.3																			
#SX# 					
#GJ#常规	20						0.16	11.15									0.785	0.771	0.758	0.742		0.723																			
#GY#0.04	42.00			0.03	59.50													0.706			0.682	
%GJ%1	50	0.1569
%GJ%2	100	0.3025
%GJ%3	200	0.4818
%GJ%4	400	0.6947
%GJ%5	800	0.8852
%GJ%6	1600	1.1541
#KF#试验方法																															
#ZJ#快剪				30.09	12.8		
#QY#8	47.7	0.20		2.00	2.72	23.3	25.7	16.5																			
#SX# 					
#GJ#常规	20						0.14	11.94									0.677	0.658	0.649	0.635		0.628																			
#GY#0.03	55.90			0.02	89.44													0.616			0.601	
%GJ%1	50	0.2266
%GJ%2	100	0.3339
%GJ%3	200	0.5009
%GJ%4	400	0.5844
%GJ%5	800	0.7275
%GJ%6	1600	0.9064
#KF#试验方法																															
#ZJ#快剪				27.16	13.5		
#QY#9	53.7	0.20																									
#SX# 					
#GJ#常规	20																																								
#GY#																						
#KF#试验方法											5.6	8.2		65.5	65.5	20.7		20.7			0.008		0.088		0.153			0.570		18.96	6.30
#ZJ#快剪							
#QY#10	59.7	0.20		1.96	2.72	24.4	28.2	17.0																			
#SX# 					
#GJ#常规	20						0.31	5.57									0.726	0.678	0.654	0.623		0.587																			
#GY#0.08	20.92			0.05	32.88	0.03	50.21											0.554			0.512	0.457
%GJ%1	50	0.5562
%GJ%2	100	0.8343
%GJ%3	200	1.1935
%GJ%4	400	1.6107
%GJ%5	800	1.9930
%GJ%6	1600	2.4797
%GJ%7	3200	3.1170
#KF#试验方法																															
#ZJ#快剪				17.49	38.9		
#QY#11	63.7	0.20		1.97	2.72	27.8	32.1	19.6																			
#SX# 					
#GJ#常规	20						0.25	7.06									0.765	0.726	0.709	0.684		0.653																			
#GY#0.09	19.08			0.05	38.16	0.03	55.37											0.616			0.579	0.528
%GJ%1	50	0.4419
%GJ%2	100	0.6346
%GJ%3	200	0.9178
%GJ%4	400	1.2691
%GJ%5	800	1.6884
%GJ%6	1600	2.1076
%GJ%7	3200	2.6856
#KF#试验方法																															
#ZJ#快剪				18.68	37.6		
#QY#12	67.7	0.20																									
#SX# 					
#GJ#常规	20																																								
#GY#																						
#KF#试验方法									8.2		30.8	19.2		25.5	25.5	16.3		16.3			0.014		0.142		0.483			2.870		34.21	2.97
#ZJ#快剪							
#QY#13	71.7	0.20		1.85	2.74	38.1	41.6	22.0																			
#SX# 					
#GJ#常规	20						0.39	5.24									1.045	1.000	0.976	0.937		0.887																			
#GY#0.15	13.63			0.09	22.72	0.05	38.05											0.827			0.755	0.669
%GJ%1	50	0.4401
%GJ%2	100	0.6748
%GJ%3	200	1.0562
%GJ%4	400	1.5452
%GJ%5	800	2.1320
%GJ%6	1600	2.8362
%GJ%7	3200	3.6773
#KF#试验方法																															
#ZJ#快剪				15.70	33.5		
#ZK#Z101					
#QY#1	1.1	0.30		1.90	2.72	30.3	33.5	19.5																			
#SX# 					
#GJ#常规	20						0.35	5.33									0.865	0.818	0.789	0.754		0.715																			
#GY#																						
%GJ%1	50	0.5040
%GJ%2	100	0.8150
%GJ%3	200	1.1903
%GJ%4	400	1.6086
#KF#试验方法																															
#ZJ#快剪				14.12	30.5		
#QY#2	4.6	0.30		1.90	2.71	31.5	32.7	23.2																			
#SX# 					
#GJ#常规	20						0.15	12.51									0.876	0.858	0.847	0.832		0.819																			
#GY#																						
%GJ%1	50	0.1919
%GJ%2	100	0.3092
%GJ%3	200	0.4691
%GJ%4	400	0.6077
#KF#试验方法																8.2	78.5	90.7		9.3	0.006		0.015		0.027			0.059	9.3	4.50	1.39
#ZJ#快剪				26.15	13.4		
#QY#3	10.7	0.20		1.92	2.71	26.2	29.0	19.7																			
#SX# 					
#GJ#常规	20						0.21	8.48									0.781	0.760	0.744	0.723		0.696																			
#GY#																						
%GJ%1	50	0.2358
%GJ%2	100	0.4155
%GJ%3	200	0.6513
%GJ%4	400	0.9545
#KF#试验方法																13.4	75.4	93.4		6.6	0.009		0.016		0.029			0.064	6.6	3.22	0.98
#ZJ#快剪				26.51	11.8		
#QY#4	20.7	0.20		1.76	2.73	41.3	37.6	20.8																			
#SX# 					
#GJ#常规	20						0.93	2.36									1.192	1.102	1.042	0.949		0.847																			
#GY#																						
%GJ%1	50	0.8212
%GJ%2	100	1.3686
%GJ%3	200	2.2172
%GJ%4	400	3.1478
#KF#试验方法																															
#ZJ#快剪				10.75	13.3		
#QY#5	28.7	0.20		1.78	2.73	39.3	35.0	19.9																			
#SX# 					
#GJ#常规	20						0.60	3.56									1.136	1.061	1.014	0.954		0.875																			
#GY#																						
%GJ%1	50	0.7022
%GJ%2	100	1.1423
%GJ%3	200	1.7041
%GJ%4	400	2.4438
#KF#试验方法																															
#ZJ#快剪				12.03	16.2		
#QY#6	34.7	0.20		1.78	2.73	39.9	37.1	20.5																			
#SX# 					
#GJ#常规	20						0.71	3.02									1.146	1.072	1.029	0.958		0.893																			
#GY#																						
%GJ%1	50	0.6897
%GJ%2	100	1.0904
%GJ%3	200	1.7521
%GJ%4	400	2.3579
#KF#试验方法																															
#ZJ#快剪				11.20	14.8		
#QY#7	41.1	0.20		1.96	2.72	25.5	31.3	18.5																			
#SX# 					
#GJ#常规	20						0.30	5.81									0.742	0.713	0.695	0.665		0.647																			
#GY#																						
%GJ%1	50	0.3330
%GJ%2	100	0.5396
%GJ%3	200	0.8840
%GJ%4	400	1.0907
#KF#试验方法																															
#ZJ#快剪				15.10	36.3		
#QY#8	44.7	0.20		1.95	2.72	24.4	28.8	17.4																			
#SX# 					
#GJ#常规	20						0.21	8.26									0.735	0.709	0.693	0.672		0.645																			
#GY#0.08	22.39			0.05	37.51													0.614			0.577	
%GJ%1	50	0.2997
%GJ%2	100	0.4841
%GJ%3	200	0.7262
%GJ%4	400	1.0375
%GJ%5	800	1.3948
%GJ%6	1600	1.8213
#KF#试验方法																															
#ZJ#快剪				20.48	39.6		
#QY#9	54.7	0.20		1.92	2.71	26.9	29.0	19.5																			
#SX# 					
#GJ#常规	20						0.22	8.14									0.791	0.748	0.729	0.707		0.679																			
#GY#0.08	21.71			0.05	35.82													0.646			0.606	
%GJ%1	50	0.4802
%GJ%2	100	0.6924
%GJ%3	200	0.9380
%GJ%4	400	1.2507
%GJ%5	800	1.6192
%GJ%6	1600	2.0659
#KF#试验方法																															
#ZJ#快剪				26.10	13.4		
#QY#10	68.7	0.20		1.80	2.73	33.8	37.3	20.6																			
#SX# 					
#GJ#常规	20						0.44	4.61									1.029	0.979	0.947	0.903		0.848																			
#GY#0.20	10.15			0.13	16.07	0.07	28.48											0.768			0.667	0.553
%GJ%1	50	0.4929
%GJ%2	100	0.8083
%GJ%3	200	1.2420
%GJ%4	400	1.7841
%GJ%5	800	2.5727
%GJ%6	1600	3.5683
%GJ%7	3200	4.6920
#KF#试验方法																															
#ZJ#快剪				13.28	24.5		
#QY#11	74.7	0.20		1.86	2.72	33.6	35.6	22.8																			
#SX# 					
#GJ#常规	20						0.38	5.14									0.954	0.915	0.883	0.845		0.789																			
#GY#0.18	11.01			0.10	18.83	0.07	27.67											0.718			0.635	0.522
%GJ%1	50	0.3992
%GJ%2	100	0.7267
%GJ%3	200	1.1157
%GJ%4	400	1.6888
%GJ%5	800	2.4156
%GJ%6	1600	3.2651
%GJ%7	3200	4.4217
#KF#试验方法																															
#ZJ#快剪				16.15	31.9		
#ZK#Z96					
#QY#1	1.1	0.30		1.91	2.73	31.7	34.6	19.8																			
#SX# 					
#GJ#常规	20						0.46	4.09									0.882	0.834	0.800	0.754		0.701																			
#GY#																						
%GJ%1	50	0.5101
%GJ%2	100	0.8714
%GJ%3	200	1.3603
%GJ%4	400	1.9235
#KF#试验方法																															
#ZJ#快剪				14.36	27.6		
#QY#2	3.1	0.30		1.95	2.71	29.8	31.2	22.0																			
#SX# 					
#GJ#常规	20						0.21	8.59									0.804	0.756	0.740	0.719		0.687																			
#GY#																						
%GJ%1	50	0.5322
%GJ%2	100	0.7095
%GJ%3	200	0.9424
%GJ%4	400	1.2971
#KF#试验方法																9.9	76.5	90.2		9.8	0.005		0.015		0.027			0.061	9.8	5.40	1.67
#ZJ#快剪				26.87	12.5		
#QY#3	4.6	0.30		1.92	2.71	30.1	31.7	22.2																			
#SX# 					
#GJ#常规	20						0.16	11.48									0.836	0.809	0.796	0.780		0.760																			
#GY#																						
%GJ%1	50	0.2941
%GJ%2	100	0.4357
%GJ%3	200	0.6100
%GJ%4	400	0.8279
#KF#试验方法																13.4	72.1	90.4		9.6	0.005		0.015		0.028			0.064	9.6	5.60	1.61
#ZJ#快剪				26.66	13.5		
#QY#4	10.7	0.20		1.98	2.71	26.2	29.1	20.0																			
#SX# 					
#GJ#常规	20						0.17	10.16									0.727	0.702	0.689	0.672		0.653																			
#GY#																						
%GJ%1	50	0.2895
%GJ%2	100	0.4401
%GJ%3	200	0.6369
%GJ%4	400	0.8570
#KF#试验方法																11.6	76.4	91.6		8.4	0.007		0.015		0.028			0.063	8.4	4.00	1.15
#ZJ#快剪				25.21	12.5		
#QY#5	21.1	0.20		1.71	2.76	52.9	43.0	22.5																			
#SX# 					
#GJ#常规	20						1.26	1.96									1.468	1.360	1.282	1.156		1.023																			
#GY#																						
%GJ%1	50	0.8752
%GJ%2	100	1.5073
%GJ%3	200	2.5284
%GJ%4	400	3.6062
#KF#试验方法																															
#ZJ#快剪				8.31	10.7		
#QY#6	28.7	0.20		1.78	2.73	39.9	37.4	20.7																			
#SX# 					
#GJ#常规	20						0.87	2.47									1.146	1.029	0.961	0.874		0.775																			
#GY#																						
%GJ%1	50	1.0904
%GJ%2	100	1.7241
%GJ%3	200	2.5349
%GJ%4	400	3.4576
#KF#试验方法																															
#ZJ#快剪				11.27	13.6		
#QY#7	34.7	0.20		1.77	2.73	40.3	37.1	20.5																			
#SX# 					
#GJ#常规	20						0.87	2.49									1.164	1.069	1.010	0.923		0.809																			
#GY#																						
%GJ%1	50	0.8780
%GJ%2	100	1.4233
%GJ%3	200	2.2274
%GJ%4	400	3.2810
#KF#试验方法																															
#ZJ#快剪				12.15	15.1		
#QY#8	40.7	0.20		2.06	2.72	22.2	27.6	16.3																			
#SX# 					
#GJ#常规	20						0.28	5.76									0.614	0.590	0.570	0.542		0.506																			
#GY#																						
%GJ%1	50	0.2974
%GJ%2	100	0.5452
%GJ%3	200	0.8922
%GJ%4	400	1.3383
#KF#试验方法																															
#ZJ#快剪				16.20	32.5		
#QY#9	44.7	0.20		1.92	2.71	26.2	29.3	19.6																			
#SX# 					
#GJ#常规	20						0.19	9.38									0.781	0.761	0.745	0.726		0.700																			
#GY#0.08	22.26			0.05	37.49													0.668			0.630	
%GJ%1	50	0.2246
%GJ%2	100	0.4043
%GJ%3	200	0.6176
%GJ%4	400	0.9096
%GJ%5	800	1.2690
%GJ%6	1600	1.6957
#KF#试验方法																															
#ZJ#快剪				26.60	13.0		
#QY#10	50.7	0.20		1.97	2.71	24.8	27.5	19.1																			
#SX# 					
#GJ#常规	20						0.26	6.60									0.717	0.690	0.666	0.640		0.603																			
#GY#0.10	17.17			0.09	19.62													0.563			0.493	
%GJ%1	50	0.3145
%GJ%2	100	0.5941
%GJ%3	200	0.8969
%GJ%4	400	1.3279
%GJ%5	800	1.7938
%GJ%6	1600	2.6092
#KF#试验方法																															
#ZJ#快剪				27.38	12.4		
#QY#11	54.7	0.20			2.69																						
#SX# 					
#GJ#常规	20																																								
#GY#																						
#KF#试验方法														62.4	62.4	37.6		37.6			0.003		0.031		0.114			0.227		36.24	2.73
#ZJ#快剪							
#QY#12	64.7	0.20			2.68																						
#SX# 					
#GJ#常规	20																																								
#GY#																						
#KF#试验方法									.4		20.4	23.9		49.5	49.5	5.8		5.8			0.083		0.134		0.286			1.460		3.46	0.76
#ZJ#快剪							
#QY#13	72.7	0.20		1.81	2.76	41.3	44.7	23.3																			
#SX# 					
#GJ#常规	20						0.52	4.14									1.155	1.109	1.070	1.018		0.946																			
#GY#0.24	9.07			0.14	15.39	0.08	25.92											0.851			0.739	0.606
%GJ%1	50	0.4269
%GJ%2	100	0.7889
%GJ%3	200	1.2715
%GJ%4	400	1.9397
%GJ%5	800	2.8213
%GJ%6	1600	3.8608
%GJ%7	3200	5.0951
#KF#试验方法																															
#ZJ#快剪				13.32	22.4		
#ZK#Z102					
#QY#1	1.6	0.30		1.88	2.72	32.1	34.9	21.1																			
#SX# 					
#GJ#常规	20						0.45	4.25									0.911	0.855	0.821	0.776		0.725																			
#GY#																						
%GJ%1	50	0.5861
%GJ%2	100	0.9419
%GJ%3	200	1.4129
%GJ%4	400	1.9466
#KF#试验方法																															
#ZJ#快剪				13.72	26.7		
#QY#2	3.6	0.30		1.82	2.73	34.7	37.0	22.5																			
#SX# 					
#GJ#常规	20						0.43	4.70									1.021	0.943	0.907	0.864		0.813																			
#GY#																						
%GJ%1	50	0.7719
%GJ%2	100	1.1282
%GJ%3	200	1.5537
%GJ%4	400	2.0584
#KF#试验方法																															
#ZJ#快剪				13.65	28.7		
#QY#3	5.6	0.30		1.93	2.71	30.5	31.9	22.3																			
#SX# 					
#GJ#常规	20						0.18	10.18									0.832	0.790	0.774	0.756		0.733																			
#GY#																						
%GJ%1	50	0.4585
%GJ%2	100	0.6332
%GJ%3	200	0.8297
%GJ%4	400	1.0808
#KF#试验方法																6.6	79.2	89.9		10.1	0.005		0.015		0.026			0.055	10.1	5.20	1.73
#ZJ#快剪				26.25	13.8		
#QY#4	11.7	0.20		1.95	2.71	24.9	26.7	17.5																			
#SX# 					
#GJ#常规	20						0.22	7.89									0.736	0.714	0.697	0.675		0.649																			
#GY#																						
%GJ%1	50	0.2535
%GJ%2	100	0.4493
%GJ%3	200	0.7028
%GJ%4	400	1.0023
#KF#试验方法														6.8	6.8	5	75.7	85.2		8.0	0.007		0.015		0.028			0.102	8.0	4.00	1.15
#ZJ#快剪				26.61	11.8		
#QY#5	17.7	0.20		1.95	2.71	25.5	27.5	18.1																			
#SX# 					
#GJ#常规	20						0.21	8.31									0.744	0.724	0.709	0.688		0.662																			
#GY#																						
%GJ%1	50	0.2294
%GJ%2	100	0.4014
%GJ%3	200	0.6422
%GJ%4	400	0.9404
#KF#试验方法																8.2	80.9	93.7		6.3	0.009		0.015		0.027			0.059	6.3	3.00	0.93
#ZJ#快剪				27.02	12.6		
#QY#6	23.7	0.20		1.81	2.72	36.8	33.0	19.2																			
#SX# 					
#GJ#常规	20						0.62	3.32									1.056	0.968	0.916	0.854		0.789																			
#GY#																						
%GJ%1	50	0.8560
%GJ%2	100	1.3619
%GJ%3	200	1.9650
%GJ%4	400	2.5973
#KF#试验方法																															
#ZJ#快剪				12.28	14.6		
#QY#7	29.7	0.20		1.75	2.75	47.8	41.5	22.0																			
#SX# 					
#GJ#常规	20						1.05	2.21									1.323	1.205	1.140	1.035		0.978																			
#GY#																						
%GJ%1	50	1.0159
%GJ%2	100	1.5755
%GJ%3	200	2.4796
%GJ%4	400	2.9703
#KF#试验方法																															
#ZJ#快剪				9.17	13.5		
#QY#8	35.7	0.20		1.73	2.76	46.7	47.0	24.1																			
#SX# 					
#GJ#常规	20						0.69	3.39									1.340	1.230	1.164	1.095		0.962																			
#GY#																						
%GJ%1	50	0.9402
%GJ%2	100	1.5043
%GJ%3	200	2.0940
%GJ%4	400	3.2308
#KF#试验方法																															
#ZJ#快剪				11.48	18.4		
#QY#9	41.7	0.20		1.93	2.73	31.1	34.5	19.8																			
#SX# 					
#GJ#常规	20						0.44	4.21									0.854	0.810	0.777	0.733		0.683																			
#GY#																						
%GJ%1	50	0.4746
%GJ%2	100	0.8306
%GJ%3	200	1.3053
%GJ%4	400	1.8447
#KF#试验方法																															
#ZJ#快剪				14.68	25.5		
#QY#10	49.7	0.20		1.99	2.71	22.2	25.7	18.2																			
#SX# 					
#GJ#常规	20						0.19	8.76									0.664	0.643	0.629	0.610		0.585																			
#GY#0.07	22.19			0.04	39.15													0.555			0.521	
%GJ%1	50	0.2524
%GJ%2	100	0.4207
%GJ%3	200	0.6490
%GJ%4	400	0.9495
%GJ%5	800	1.3101
%GJ%6	1600	1.7188
#KF#试验方法												3.3		35.7	35.7	61		61			0.002		0.008		0.070			0.236		34.67	0.49
#ZJ#快剪				28.25	12.7		
#QY#11	53.7	0.20			2.68																						
#SX# 					
#GJ#常规	20																																								
#GY#																						
#KF#试验方法											19.4	22.1		50.8	50.8	7.7		7.7			0.079		0.126		0.262			1.397		3.31	0.77
#ZJ#快剪							
#QY#12	61.7	0.20			2.69																						
#SX# 					
#GJ#常规	20																																								
#GY#																						
#KF#试验方法												1		67.3	67.3	31.7		31.7			0.004		0.059		0.123			0.233		31.57	7.34
#ZJ#快剪							
#QY#13	65.7	0.20			2.69																						
#SX# 					
#GJ#常规	20																																								
#GY#																						
#KF#试验方法														66.2	66.2	33.8		33.8			0.004		0.046		0.120			0.228		33.29	4.99
#ZJ#快剪							
#QY#14	71.7	0.20		1.86	2.73	33.8	37.3	20.6																			
#SX# 					
#GJ#常规	20						0.35	5.61									0.964	0.931	0.910	0.875		0.829																			
#GY#0.19	10.62			0.13	15.40	0.07	29.65											0.755			0.653	0.547
%GJ%1	50	0.3360
%GJ%2	100	0.5499
%GJ%3	200	0.9063
%GJ%4	400	1.3747
%GJ%5	800	2.1283
%GJ%6	1600	3.1670
%GJ%7	3200	4.2464
#KF#试验方法																															
#ZJ#快剪				15.75	31.5		
#ZK#Z60					
#QY#1	1.25	0.20		1.87	2.72	28.9	33.2	19.3																			
#SX# 					
#GJ#常规	20						0.40	4.69									0.875	0.819	0.788	0.748		0.702																			
#GY#																						
%GJ%1	50	0.5973
%GJ%2	100	0.9280
%GJ%3	200	1.3547
%GJ%4	400	1.8453
#KF#试验方法																															
#ZJ#快剪				14.68	30.3		
#QY#2	2.75	0.20		1.88	2.72	34.1	36.5	22.7																			
#SX# 					
#GJ#常规	20						0.43	4.51									0.940	0.867	0.832	0.789		0.737																			
#GY#																						
%GJ%1	50	0.7526
%GJ%2	100	1.1134
%GJ%3	200	1.5567
%GJ%4	400	2.0928
#KF#试验方法																															
#ZJ#快剪				13.03	24.4		
#QY#3	8.75	0.20		1.99	2.71	25.9	28.0	18.5																			
#SX# 					
#GJ#常规	20						0.18	9.53									0.715	0.694	0.680	0.662		0.639																			
#GY#																						
%GJ%1	50	0.2449
%GJ%2	100	0.4082
%GJ%3	200	0.6181
%GJ%4	400	0.8863
#KF#试验方法																13.4	76.8	94.6		5.4	0.01		0.016		0.029			0.064	5.4	2.90	0.88
#ZJ#快剪				26.45	13.8		
#QY#4	20.75	0.20		1.80	2.73	38.5	37.6	20.8																			
#SX# 					
#GJ#常规	20						0.75	2.80									1.101	1.022	0.977	0.902		0.806																			
#GY#																						
%GJ%1	50	0.7520
%GJ%2	100	1.1804
%GJ%3	200	1.8943
%GJ%4	400	2.8082
#KF#试验方法																															
#ZJ#快剪				11.23	15.6		
#QY#5	34.75	0.20		1.81	2.74	37.3	38.4	21.0																			
#SX# 					
#GJ#常规	20						0.58	3.58									1.078	1.012	0.967	0.909		0.839																			
#GY#																						
%GJ%1	50	0.6352
%GJ%2	100	1.0683
%GJ%3	200	1.6266
%GJ%4	400	2.3003
#KF#试验方法																															
#ZJ#快剪				12.72	20.5		
#QY#6	37.25	0.20		2.00	2.73	26.4	34.2	19.6																			
#SX# 					
#GJ#常规	20						0.16	10.78									0.725	0.699	0.685	0.669		0.648																			
#GY#																						
%GJ%1	50	0.3014
%GJ%2	100	0.4638
%GJ%3	200	0.6493
%GJ%4	400	0.8928
#KF#试验方法																															
#ZJ#快剪				19.47	61.6		
#QY#7	42.75	0.20		1.95	2.71	25.5	28.8	21.1																			
#SX# 					
#GJ#常规	20						0.11	15.86									0.744	0.729	0.722	0.711		0.696																			
#GY#0.05	34.88			0.03	51.67													0.676			0.649	
%GJ%1	50	0.1720
%GJ%2	100	0.2523
%GJ%3	200	0.3784
%GJ%4	400	0.5505
%GJ%5	800	0.7798
%GJ%6	1600	1.0894
#KF#试验方法												1.4		31.9	31.9	66.7		66.7			0.002		0.007		0.049			0.218		25.53	0.52
#ZJ#快剪				28.01	12.8		
#QY#8	48.75	0.20		1.99	2.71	21.9	24.6	17.1																			
#SX# 					
#GJ#常规	20						0.09	18.44									0.660	0.651	0.644	0.635		0.622																			
#GY#0.05	36.89			0.03	51.08													0.604			0.578	
%GJ%1	50	0.1084
%GJ%2	100	0.1928
%GJ%3	200	0.3012
%GJ%4	400	0.4578
%GJ%5	800	0.6747
%GJ%6	1600	0.9880
#KF#试验方法														36.7	36.7	63.3		63.3			0.002		0.008		0.060			0.212		30.33	0.51
#ZJ#快剪				28.13	11.5		
#QY#9	60.75	0.20		2.04	2.71	23.6	27.4	18.2																			
#SX# 					
#GJ#常规	20						0.11	14.93									0.642	0.629	0.621	0.610		0.596																			
#GY#0.05	34.57			0.03	59.71	0.02	93.83											0.577			0.555	0.527
%GJ%1	50	0.1583
%GJ%2	100	0.2558
%GJ%3	200	0.3898
%GJ%4	400	0.5603
%GJ%5	800	0.7917
%GJ%6	1600	1.0597
%GJ%7	3200	1.4007
#KF#试验方法																															
#ZJ#快剪				26.54	13.4		
#QY#10	74.75	0.20		1.87	2.74	34.5	38.3	21.0																			
#SX# 					
#GJ#常规	20						0.36	5.47									0.971	0.935	0.914	0.878		0.822																			
#GY#0.21	9.28			0.14	14.60	0.08	25.64											0.737			0.629	0.506
%GJ%1	50	0.3653
%GJ%2	100	0.5784
%GJ%3	200	0.9437
%GJ%4	400	1.5119
%GJ%5	800	2.3744
%GJ%6	1600	3.4703
%GJ%7	3200	4.7184
#KF#试验方法																															
#ZJ#快剪				15.67	34.6		
#QY#R1	66.75	0.20	1		2.68																						
#SX# 					
#GJ#常规	20																																								
#GY#																						
#KF#试验方法									6.6		8.4	26.7		44.3	44.3	14		14			0.022		0.114		0.261			2.515		12.00	2.31
#ZJ#快剪							
#ZK#Z70					
#QY#1	1.1	0.30		1.91	2.72	29.4	33.5	19.5																			
#SX# 					
#GJ#常规	20						0.34	5.42									0.843	0.813	0.790	0.756		0.716																			
#GY#																						
%GJ%1	50	0.3256
%GJ%2	100	0.5751
%GJ%3	200	0.9441
%GJ%4	400	1.3782
#KF#试验方法																															
#ZJ#快剪				15.27	31.4		
#QY#2	2.6	0.30		1.87	2.72	32.4	34.2	21.4																			
#SX# 					
#GJ#常规	20						0.38	5.07									0.926	0.869	0.839	0.801		0.758																			
#GY#																						
%GJ%1	50	0.5919
%GJ%2	100	0.9034
%GJ%3	200	1.2980
%GJ%4	400	1.7445
#KF#试验方法																															
#ZJ#快剪				15.55	30.3		
#QY#3	16.7	0.20		1.90	2.71	29.0	31.6	22.2																			
#SX# 					
#GJ#常规	20						0.18	10.22									0.840	0.820	0.807	0.789		0.767																			
#GY#																						
%GJ%1	50	0.2174
%GJ%2	100	0.3587
%GJ%3	200	0.5543
%GJ%4	400	0.7935
#KF#试验方法																6.6	80.8	91.2		8.8	0.006		0.015		0.026			0.055	8.8	4.33	1.44
#ZJ#快剪				27.70	13.5		
#QY#4	26.7	0.20		1.83	2.73	37.7	36.5	20.3																			
#SX# 					
#GJ#常规	20						0.69	2.98									1.054	0.987	0.940	0.871		0.805																			
#GY#																						
%GJ%1	50	0.6524
%GJ%2	100	1.1100
%GJ%3	200	1.7819
%GJ%4	400	2.4245
#KF#试验方法																															
#ZJ#快剪				10.75	14.5		
#QY#5	34.7	0.20		1.80	2.73	37.9	36.8	20.4																			
#SX# 					
#GJ#常规	20						0.62	3.37									1.091	1.033	0.991	0.929		0.869																			
#GY#																						
%GJ%1	50	0.5548
%GJ%2	100	0.9565
%GJ%3	200	1.5495
%GJ%4	400	2.1234
#KF#试验方法																															
#ZJ#快剪				12.09	15.1		
#QY#6	38.7	0.20		1.98	2.72	22.8	28.3	17.0																			
#SX# 					
#GJ#常规	20						0.30	5.62									0.687	0.655	0.637	0.607		0.587																			
#GY#																						
%GJ%1	50	0.3794
%GJ%2	100	0.5928
%GJ%3	200	0.9484
%GJ%4	400	1.1855
#KF#试验方法																															
#ZJ#快剪				16.20	32.5		
#QY#7	42.7	0.20		1.89	2.72	31.7	33.5	23.0																			
#SX# 					
#GJ#常规	20						0.28	6.77									0.895	0.864	0.844	0.816		0.785																			
#GY#																						
%GJ%1	50	0.3272
%GJ%2	100	0.5383
%GJ%3	200	0.8338
%GJ%4	400	1.1609
#KF#试验方法														34.4	34.4	65.6		65.6			0.002		0.007		0.052			0.209		26.82	0.52
#ZJ#快剪							
#QY#8	46.7	0.20			2.69																						
#SX# 					
#GJ#常规	20																																								
#GY#																						
#KF#试验方法														56.7	56.7	43.3		43.3			0.003		0.020		0.106			0.224		38.95	1.39
#ZJ#快剪							
#QY#9	58.7	0.20		1.96	2.73	27.8	35.3	20.0																			
#SX# 					
#GJ#常规	20						0.27	6.59									0.780	0.758	0.742	0.715		0.680																			
#GY#0.11	16.18			0.07	26.37	0.04	46.69											0.636			0.582	0.521
%GJ%1	50	0.2472
%GJ%2	100	0.4270
%GJ%3	200	0.7303
%GJ%4	400	1.1236
%GJ%5	800	1.6180
%GJ%6	1600	2.2247
%GJ%7	3200	2.9101
#KF#试验方法																															
#ZJ#快剪				17.32	36.6		
#QY#10	72.7	0.20		1.98	2.73	27.8	35.1	19.9																			
#SX# 					
#GJ#常规	20						0.25	7.05									0.762	0.731	0.713	0.688		0.651																			
#GY#0.11	16.39			0.07	26.60	0.04	40.86											0.608			0.555	0.486
%GJ%1	50	0.3519
%GJ%2	100	0.5562
%GJ%3	200	0.8400
%GJ%4	400	1.2599
%GJ%5	800	1.7480
%GJ%6	1600	2.3496
%GJ%7	3200	3.1328
#KF#试验方法																															
#ZJ#快剪				17.08	40.9		
#QY#R1	52.7	0.20	1		2.69																						
#SX# 					
#GJ#常规	20																																								
#GY#																						
#KF#试验方法												20.2		63.8	63.8	16		16			0.015		0.097		0.171			0.421		11.46	3.65
#ZJ#快剪							
#QY#R2	64.7	0.20	1		2.69																						
#SX# 					
#GJ#常规	20																																								
#GY#																						
#KF#试验方法														66.8	66.8	33.2		33.2			0.004		0.050		0.120			0.228		32.73	5.58
#ZJ#快剪							
#ZK#Z53					
#QY#1	.75	0.20		1.97	2.72	26.6	31.3	19.4																			
#SX# 					
#GJ#常规	20						0.25	6.99									0.748	0.724	0.707	0.682		0.649																			
#GY#																						
%GJ%1	50	0.2746
%GJ%2	100	0.4691
%GJ%3	200	0.7551
%GJ%4	400	1.1327
#KF#试验方法																															
#ZJ#快剪				17.31	37.4		
#QY#2	2.75	0.20		1.83	2.72	35.9	37.6	24.8																			
#SX# 					
#GJ#常规	20						0.48	4.21									1.020	0.948	0.908	0.860		0.806																			
#GY#																						
%GJ%1	50	0.7129
%GJ%2	100	1.1089
%GJ%3	200	1.5842
%GJ%4	400	2.1188
#KF#试验方法																															
#ZJ#快剪				13.99	25.5		
#QY#3	8.75	0.20		1.94	2.71	26.7	28.6	19.3																			
#SX# 					
#GJ#常规	20						0.14	12.64									0.770	0.758	0.749	0.735		0.725																			
#GY#																						
%GJ%1	50	0.1356
%GJ%2	100	0.2373
%GJ%3	200	0.3955
%GJ%4	400	0.5085
#KF#试验方法																8.2	81.3	94.1		5.9	0.009		0.016		0.027			0.059	5.9	3.00	1.05
#ZJ#快剪				27.10	12.2		
#QY#4	22.75	0.20		1.79	2.73	38.8	37.1	20.5																			
#SX# 					
#GJ#常规	20						0.70	3.02									1.117	1.048	1.007	0.937		0.871																			
#GY#																						
%GJ%1	50	0.6519
%GJ%2	100	1.0392
%GJ%3	200	1.7005
%GJ%4	400	2.3240
#KF#试验方法																															
#ZJ#快剪				11.11	15.4		
#QY#5	34.75	0.20		1.81	2.73	37.2	35.6	20.1																			
#SX# 					
#GJ#常规	20						0.69	3.00									1.069	0.996	0.951	0.882		0.810																			
#GY#																						
%GJ%1	50	0.7057
%GJ%2	100	1.1406
%GJ%3	200	1.8076
%GJ%4	400	2.5036
#KF#试验方法																															
#ZJ#快剪				11.07	12.8		
#QY#6	38.75	0.20		1.93	2.73	29.5	35.9	20.2																			
#SX# 					
#GJ#常规	20						0.33	5.55									0.832	0.795	0.765	0.732		0.685																			
#GY#																						
%GJ%1	50	0.4039
%GJ%2	100	0.7314
%GJ%3	200	1.0917
%GJ%4	400	1.6048
#KF#试验方法																															
#ZJ#快剪				15.59	34.4		
#QY#7	42.75	0.20		2.03	2.71	23.8	26.5	17.6																			
#SX# 					
#GJ#常规	20						0.11	15.02									0.653	0.642	0.635	0.624		0.608																			
#GY#0.06	30.05			0.03	47.23	0.02	69.60											0.586			0.558	0.520
%GJ%1	50	0.1331
%GJ%2	100	0.2178
%GJ%3	200	0.3509
%GJ%4	400	0.5445
%GJ%5	800	0.8106
%GJ%6	1600	1.1494
%GJ%7	3200	1.6092
#KF#试验方法														27.5	27.5	72.5		72.5			0.002		0.006		0.035			0.200		19.58	0.55
#ZJ#快剪				27.17	12.3		
#QY#8	50.75	0.20			2.69																						
#SX# 					
#GJ#常规	20																																								
#GY#																						
#KF#试验方法											1	20.2		63.3	63.3	15.5		15.5			0.016		0.098		0.174			0.437		10.78	3.39
#ZJ#快剪							
#QY#9	60.75	0.20			2.69																						
#SX# 					
#GJ#常规	20																																								
#GY#																						
#KF#试验方法														52.1	52.1	47.9		47.9			0.002		0.015		0.098			0.222		39.78	0.93
#ZJ#快剪							
#QY#10	74.75	0.20		1.87	2.74	35.5	38.6	21.1																			
#SX# 					
#GJ#常规	20						0.35	5.67									0.985	0.953	0.932	0.897		0.847																			
#GY#0.18	11.34			0.11	18.05	0.07	28.36											0.777			0.689	0.577
%GJ%1	50	0.3224
%GJ%2	100	0.5340
%GJ%3	200	0.8866
%GJ%4	400	1.3904
%GJ%5	800	2.0957
%GJ%6	1600	2.9824
%GJ%7	3200	4.1108
#KF#试验方法																															
#ZJ#快剪				15.12	35.5		
#QY#R1	66.75	0.20	1		2.68																						
#SX# 					
#GJ#常规	20																																								
#GY#																						
#KF#试验方法									7		8.4	26.8		43.5	43.5	14.3		14.3			0.020		0.114		0.264			2.617		13.00	2.43
#ZJ#快剪							
#ZK#Z5					
#QY#1	1.1	0.20		1.90	2.73	31.0	34.8	19.9																			
#SX# 					
#GJ#常规	20						0.34	5.54									0.882	0.848	0.823	0.789		0.749																			
#GY#																						
%GJ%1	50	0.3613
%GJ%2	100	0.6270
%GJ%3	200	0.9883
%GJ%4	400	1.4134
#KF#试验方法																															
#ZJ#快剪				15.77	32.3		
#QY#2	3.1	0.20		1.87	2.72	31.8	32.9	21.3																			
#SX# 					
#GJ#常规	20						0.37	5.18									0.917	0.877	0.849	0.812		0.769																			
#GY#																						
%GJ%1	50	0.4173
%GJ%2	100	0.7094
%GJ%3	200	1.0955
%GJ%4	400	1.5441
#KF#试验方法																															
#ZJ#快剪				17.20	27.6		
#QY#3	4.7	0.20		1.98	2.71	26.4	28.2	19.0																			
#SX# 					
#GJ#常规	20						0.18	9.61									0.730	0.711	0.698	0.680		0.658																			
#GY#																						
%GJ%1	50	0.2197
%GJ%2	100	0.3699
%GJ%3	200	0.5780
%GJ%4	400	0.8324
#KF#试验方法																15.1	76	94.9		5.1	0.011		0.017		0.03			0.066	5.1	2.73	0.88
#ZJ#快剪				26.81	13.6		
#QY#4	10.7	0.20		1.99	2.71	24.4	27.1	17.6																			
#SX# 					
#GJ#常规	20						0.14	12.10									0.694	0.676	0.665	0.651		0.636																			
#GY#																						
%GJ%1	50	0.2125
%GJ%2	100	0.3424
%GJ%3	200	0.5077
%GJ%4	400	0.6848
#KF#试验方法																15.1	77.4	95.6		4.4	0.011		0.017		0.031			0.066	4.4	2.82	0.85
#ZJ#快剪				28.17	12.3		
#QY#5	16.7	0.20		1.94	2.71	25.3	28.0	18.6																			
#SX# 					
#GJ#常规	20						0.22	7.96									0.750	0.722	0.705	0.683		0.656																			
#GY#																						
%GJ%1	50	0.3200
%GJ%2	100	0.5143
%GJ%3	200	0.7657
%GJ%4	400	1.0743
#KF#试验方法																9.9	77.1	92		8.0	0.007		0.015		0.027			0.061	8.0	3.86	1.19
#ZJ#快剪				27.14	12.7		
#QY#6	19.1	0.20		1.83	2.72	31.7	33.5	20.3																			
#SX# 					
#GJ#常规	20						0.46	4.26									0.958	0.898	0.865	0.819		0.764																			
#GY#																						
%GJ%1	50	0.6129
%GJ%2	100	0.9499
%GJ%3	200	1.4198
%GJ%4	400	1.9816
#KF#试验方法																															
#ZJ#快剪				12.53	19.9		
#QY#7	24.7	0.20		1.76	2.73	41.7	36.7	20.4																			
#SX# 					
#GJ#常规	20						0.76	2.89									1.198	1.117	1.066	0.990		0.900																			
#GY#																						
%GJ%1	50	0.7370
%GJ%2	100	1.2011
%GJ%3	200	1.8926
%GJ%4	400	2.7116
#KF#试验方法																															
#ZJ#快剪				11.52	14.3		
#QY#8	30.7	0.20		1.78	2.73	38.7	35.0	19.9																			
#SX# 					
#GJ#常规	20						0.67	3.17									1.127	1.064	1.025	0.958		0.903																			
#GY#																						
%GJ%1	50	0.5924
%GJ%2	100	0.9591
%GJ%3	200	1.5891
%GJ%4	400	2.1063
#KF#试验方法																															
#ZJ#快剪				12.98	14.8		
#QY#9	34.7	0.20		1.82	2.73	37.2	35.6	20.1																			
#SX# 					
#GJ#常规	20						0.67	3.07									1.058	0.998	0.959	0.892		0.832																			
#GY#																						
%GJ%1	50	0.5831
%GJ%2	100	0.9621
%GJ%3	200	1.6132
%GJ%4	400	2.1963
#KF#试验方法																															
#ZJ#快剪				11.74	15.9		
#QY#10	36.7	0.20		1.90	2.74	32.8	38.8	21.1																			
#SX# 					
#GJ#常规	20						0.31	6.18									0.915	0.882	0.860	0.829		0.771																			
#GY#																						
%GJ%1	50	0.3446
%GJ%2	100	0.5744
%GJ%3	200	0.8982
%GJ%4	400	1.5039
#KF#试验方法																															
#ZJ#快剪				15.32	34.3		
#QY#11	58.7	0.20		1.91	2.72	31.8	33.6	20.8																			
#SX# 					
#GJ#常规	20						0.32	5.87									0.877	0.841	0.816	0.784		0.742																			
#GY#0.12	15.97			0.07	25.89	0.04	46.20											0.695			0.637	0.572
%GJ%1	50	0.3836
%GJ%2	100	0.6500
%GJ%3	200	0.9909
%GJ%4	400	1.4385
%GJ%5	800	1.9393
%GJ%6	1600	2.5573
%GJ%7	3200	3.2499
#KF#试验方法																															
#ZJ#快剪				14.42	31.8		
#QY#12	69.1	0.20		1.88	2.74	35.4	39.5	21.3																			
#SX# 					
#GJ#常规	20						0.37	5.33									0.973	0.933	0.904	0.867		0.817																			
#GY#0.15	13.61			0.10	19.98	0.06	35.08											0.759			0.680	0.590
%GJ%1	50	0.4055
%GJ%2	100	0.6994
%GJ%3	200	1.0745
%GJ%4	400	1.5813
%GJ%5	800	2.1693
%GJ%6	1600	2.9701
%GJ%7	3200	3.8824
#KF#试验方法																															
#ZJ#快剪				15.87	35.9		
#QY#R1	40.7	0.20	1		2.69																						
#SX# 					
#GJ#常规	20																																								
#GY#																						
#KF#试验方法														66.4	66.4	33.6		33.6			0.004		0.047		0.120			0.228		33.13	5.16
#ZJ#快剪							
#QY#R2	50.7	0.20	1		2.67																						
#SX# 					
#GJ#常规	20																																								
#GY#																						
#KF#试验方法									10		9.2	31.4		32.3	32.3	17.1		17.1			0.012		0.120		0.316			3.177		25.40	3.66
#ZJ#快剪							
#QY#R3	66.7	0.20	1		2.67																						
#SX# 					
#GJ#常规	20																																								
#GY#																						
#KF#试验方法									4.9		17.8	30.4		28.8	28.8	18.1		18.1			0.011		0.122		0.338			2.000		30.95	4.06
#ZJ#快剪							
#QY#R4	74.7	0.20	1		2.69																						
#SX# 					
#GJ#常规	20																																								
#GY#																						
#KF#试验方法									4.4		15.8	29.5		30.9	30.9	19.4		19.4			0.009		0.112		0.314			1.906		33.94	4.32
#ZJ#快剪							
#ZK#Z1					
#QY#1	1.1	0.20		1.86	2.72	29.7	33.0	19.2																			
#SX# 					
#GJ#常规	20						0.33	5.75									0.897	0.866	0.844	0.811		0.771																			
#GY#																						
%GJ%1	50	0.3268
%GJ%2	100	0.5588
%GJ%3	200	0.9067
%GJ%4	400	1.3284
#KF#试验方法																															
#ZJ#快剪				14.63	33.6		
#QY#2	4.1	0.20		1.93	2.71	29.0	31.1	21.6																			
#SX# 					
#GJ#常规	20						0.16	11.32									0.811	0.792	0.781	0.765		0.743																			
#GY#																						
%GJ%1	50	0.2098
%GJ%2	100	0.3313
%GJ%3	200	0.5080
%GJ%4	400	0.7510
#KF#试验方法																9.2	77.7	91.4		8.6	0.006		0.015		0.027			0.06	8.6	4.50	1.39
#ZJ#快剪				26.24	14.5		
#QY#3	6.1	0.20		1.97	2.71	26.1	28.3	19.0																			
#SX# 					
#GJ#常规	20						0.13	13.34									0.735	0.717	0.708	0.695		0.678																			
#GY#																						
%GJ%1	50	0.2075
%GJ%2	100	0.3112
%GJ%3	200	0.4611
%GJ%4	400	0.6571
#KF#试验方法																13.4	76.1	94.1		5.9	0.009		0.016		0.029			0.064	5.9	3.22	0.98
#ZJ#快剪				26.67	12.9		
#QY#4	12.1	0.20			2.71	22.0	25.1	16.1																			
#SX# 					
#GJ#常规	20																																								
#GY#																						
#KF#试验方法																8.2	83.2	95.2		4.8	0.011		0.016		0.028			0.059	4.8	2.55	0.83
#ZJ#快剪							
#QY#5	20.1	0.20		1.71	2.76	53.0	43.2	22.6																			
#SX# 					
#GJ#常规	20						1.42	1.74									1.469	1.360	1.267	1.125		0.926																			
#GY#																						
%GJ%1	50	0.8829
%GJ%2	100	1.6363
%GJ%3	200	2.7866
%GJ%4	400	4.3985
#KF#试验方法																															
#ZJ#快剪				8.08	9.5		
#QY#6	26.1	0.20		1.76	2.74	45.4	40.0	21.5																			
#SX# 					
#GJ#常规	20						0.80	2.83									1.264	1.188	1.138	1.058		0.976																			
#GY#																						
%GJ%1	50	0.6714
%GJ%2	100	1.1131
%GJ%3	200	1.8198
%GJ%4	400	2.5442
#KF#试验方法																															
#ZJ#快剪				9.40	13.1		
#QY#7	32.1	0.20		1.80	2.73	34.7	35.5	20.1																			
#SX# 					
#GJ#常规	20						0.50	4.09									1.043	0.993	0.958	0.908		0.836																			
#GY#																						
%GJ%1	50	0.4895
%GJ%2	100	0.8321
%GJ%3	200	1.3216
%GJ%4	400	2.0264
#KF#试验方法																															
#ZJ#快剪				14.55	23.5		
#QY#8	38.1	0.20		1.84	2.73	31.5	34.4	19.7																			
#SX# 					
#GJ#常规	20						0.40	4.88									0.951	0.911	0.885	0.845		0.797																			
#GY#																						
%GJ%1	50	0.4100
%GJ%2	100	0.6766
%GJ%3	200	1.0866
%GJ%4	400	1.5787
#KF#试验方法																															
#ZJ#快剪				14.06	27.7		
#QY#9	39.7	0.20		1.94	2.74	30.6	38.3	21.0																			
#SX# 					
#GJ#常规	20						0.24	7.69									0.845	0.815	0.795	0.771		0.743																			
#GY#																						
%GJ%1	50	0.3252
%GJ%2	100	0.5420
%GJ%3	200	0.8022
%GJ%4	400	1.1057
#KF#试验方法																															
#ZJ#快剪				16.53	43.1		
#QY#10	53.1	0.20		1.80	2.76	39.5	42.3	22.2																			
#SX# 					
#GJ#常规	20						0.31	6.90									1.139	1.108	1.090	1.059		1.012																			
#GY#0.16	13.37			0.10	21.94													0.948			0.870	
%GJ%1	50	0.2899
%GJ%2	100	0.4582
%GJ%3	200	0.7480
%GJ%4	400	1.1875
%GJ%5	800	1.7859
%GJ%6	1600	2.5152
#KF#试验方法																															
#ZJ#快剪				12.88	36.2		
#QY#11	57.1	0.20		1.95	2.72	25.5	30.6	18.2																			
#SX# 					
#GJ#常规	20						0.31	5.65									0.751	0.722	0.700	0.669		0.629																			
#GY#0.12	14.59			0.07	24.58	0.04	43.10											0.581			0.524	0.459
%GJ%1	50	0.3312
%GJ%2	100	0.5825
%GJ%3	200	0.9366
%GJ%4	400	1.3935
%GJ%5	800	1.9417
%GJ%6	1600	2.5928
%GJ%7	3200	3.3352
#KF#试验方法																															
#ZJ#快剪				17.88	39.0		
#QY#12	74.7	0.20		2.07	2.72	22.5	27.5	16.4																			
#SX# 					
#GJ#常规	20						0.21	7.67									0.610	0.579	0.561	0.540		0.513																			
#GY#0.09	18.94			0.05	32.20	0.03	51.52											0.479			0.439	0.389
%GJ%1	50	0.3851
%GJ%2	100	0.6087
%GJ%3	200	0.8696
%GJ%4	400	1.2050
%GJ%5	800	1.6273
%GJ%6	1600	2.1242
%GJ%7	3200	2.7453
#KF#试验方法																															
#ZJ#快剪				14.62	31.2		
#QY#R1	43.7	0.20	1		2.69																						
#SX# 					
#GJ#常规	20																																								
#GY#																						
#KF#试验方法											6.2	.7		67.4	67.4	25.7		25.7			0.005		0.081		0.137			0.642		25.69	8.89
#ZJ#快剪							
#QY#R2	59.7	0.20	1		2.68																						
#SX# 					
#GJ#常规	20																																								
#GY#																						
#KF#试验方法									6.2		8.8	26.7		43.6	43.6	14.7		14.7			0.019		0.113		0.261			2.364		13.97	2.62
#ZJ#快剪							
#QY#R3	62.7	0.20	1		2.69																						
#SX# 					
#GJ#常规	20																																								
#GY#																						
#KF#试验方法									3.1		15	16.7		48.4	48.4	16.8		16.8			0.013		0.103		0.219			1.660		16.82	3.71
#ZJ#快剪							
#QY#R4	72.7	0.20	1		2.69																						
#SX# 					
#GJ#常规	20																																								
#GY#																						
#KF#试验方法									2.4		14.6	16.4		47.9	47.9	18.7		18.7			0.010		0.098		0.211			1.570		21.07	4.56
#ZJ#快剪							
#ZK#Z105					
#QY#1	2.1	0.30		1.85	2.72	32.7	35.0	21.4																			
#SX# 					
#GJ#常规	20						0.39	5.00									0.951	0.895	0.866	0.827		0.781																			
#GY#																						
%GJ%1	50	0.5741
%GJ%2	100	0.8713
%GJ%3	200	1.2711
%GJ%4	400	1.7427
#KF#试验方法																															
#ZJ#快剪				15.12	31.4		
#QY#2	3.7	0.30		1.99	2.71	25.0	27.2	18.0																			
#SX# 					
#GJ#常规	20						0.16	10.64									0.702	0.687	0.674	0.658		0.641																			
#GY#																						
%GJ%1	50	0.1763
%GJ%2	100	0.3290
%GJ%3	200	0.5170
%GJ%4	400	0.7168
#KF#试验方法																11.2	77.2	92.4		7.6	0.008		0.016		0.028			0.063	7.6	3.50	1.14
#ZJ#快剪				26.83	12.1		
#QY#3	9.7	0.20		1.92	2.71	27.7	29.3	19.5																			
#SX# 					
#GJ#常规	20						0.18	10.01									0.802	0.767	0.753	0.735		0.712																			
#GY#																						
%GJ%1	50	0.3885
%GJ%2	100	0.5438
%GJ%3	200	0.7436
%GJ%4	400	0.9989
#KF#试验方法																15.1	72.4	92		8.0	0.007		0.016		0.029			0.066	8.0	4.14	1.26
#ZJ#快剪				28.10	13.6		
#QY#4	15.7	0.20		1.70	2.76	54.7	44.0	22.8																			
#SX# 					
#GJ#常规	20						1.35	1.86									1.512	1.405	1.331	1.196		0.990																			
#GY#																						
%GJ%1	50	0.8519
%GJ%2	100	1.4411
%GJ%3	200	2.5159
%GJ%4	400	4.1561
#KF#试验方法																															
#ZJ#快剪				8.15	9.8		
#QY#5	21.7	0.20		1.75	2.74	43.3	38.5	21.1																			
#SX# 					
#GJ#常规	20						0.84	2.67									1.244	1.147	1.094	1.010		0.896																			
#GY#																						
%GJ%1	50	0.8645
%GJ%2	100	1.3369
%GJ%3	200	2.0856
%GJ%4	400	3.1016
#KF#试验方法																															
#ZJ#快剪				10.65	13.9		
#QY#6	29.7	0.20		1.74	2.74	49.6	40.1	21.5																			
#SX# 					
#GJ#常规	20						0.85	2.77									1.356	1.262	1.203	1.118		1.034																			
#GY#																						
%GJ%1	50	0.7980
%GJ%2	100	1.2988
%GJ%3	200	2.0204
%GJ%4	400	2.7334
#KF#试验方法																															
#ZJ#快剪				9.09	12.4		
#QY#7	35.7	0.20		1.80	2.73	38.2	35.0	19.9																			
#SX# 					
#GJ#常规	20						0.78	2.69									1.096	1.002	0.946	0.868		0.781																			
#GY#																						
%GJ%1	50	0.8969
%GJ%2	100	1.4313
%GJ%3	200	2.1756
%GJ%4	400	3.0057
#KF#试验方法																															
#ZJ#快剪				11.75	15.5		
#QY#8	35.7	0.20		1.96	2.72	25.5	30.5	18.2																			
#SX# 					
#GJ#常规	20						0.29	6.01									0.742	0.706	0.684	0.655		0.618																			
#GY#																						
%GJ%1	50	0.4133
%GJ%2	100	0.6659
%GJ%3	200	0.9989
%GJ%4	400	1.4237
#KF#试验方法																															
#ZJ#快剪				15.72	36.5		
#QY#9	40.7	0.20		1.80	2.73	35.3	37.1	20.5																			
#SX# 					
#GJ#常规	20						0.67	3.06									1.052	0.979	0.928	0.861		0.787																			
#GY#																						
%GJ%1	50	0.7115
%GJ%2	100	1.2086
%GJ%3	200	1.8616
%GJ%4	400	2.5828
#KF#试验方法																															
#ZJ#快剪				13.50	22.6		
#QY#10	48.7	0.20			2.69																						
#SX# 					
#GJ#常规	20																																								
#GY#																						
#KF#试验方法												.3		68.7	68.7	31		31			0.004		0.066		0.123			0.230		30.62	8.62
#ZJ#快剪							
#QY#11	56.7	0.20			2.69																						
#SX# 					
#GJ#常规	20																																								
#GY#																						
#KF#试验方法												1		69.7	69.7	29.3		29.3			0.004		0.076		0.126			0.233		28.94	10.46
#ZJ#快剪							
#QY#12	70.7	0.20		1.84	2.74	36.0	38.6	21.1																			
#SX# 					
#GJ#常规	20						0.44	4.60									1.025	0.979	0.947	0.903		0.847																			
#GY#0.20	10.00			0.12	16.36	0.08	25.12											0.766			0.667	0.538
%GJ%1	50	0.4543
%GJ%2	100	0.7704
%GJ%3	200	1.2049
%GJ%4	400	1.7580
%GJ%5	800	2.5580
%GJ%6	1600	3.5358
%GJ%7	3200	4.8099
#KF#试验方法																															
#ZJ#快剪				13.22	24.6		
#ZK#Z13					
#QY#1	.7	0.20		1.93	2.72	30.6	33.3	19.4																			
#SX# 					
#GJ#常规	20						0.35	5.26									0.841	0.808	0.786	0.751		0.707																			
#GY#																						
%GJ%1	50	0.3585
%GJ%2	100	0.5975
%GJ%3	200	0.9777
%GJ%4	400	1.4557
#KF#试验方法																															
#ZJ#快剪				14.79	30.9		
#QY#2	2.7	0.20		1.84	2.72	35.5	37.0	23.5																			
#SX# 					
#GJ#常规	20						0.40	5.01									1.003	0.912	0.879	0.839		0.792																			
#GY#																						
%GJ%1	50	0.9086
%GJ%2	100	1.2381
%GJ%3	200	1.6375
%GJ%4	400	2.1068
#KF#试验方法																															
#ZJ#快剪				14.27	28.2		
#QY#3	6.7	0.20		1.91	2.71	26.1	28.2	19.0																			
#SX# 					
#GJ#常规	20						0.14	12.78									0.789	0.774	0.765	0.751		0.736																			
#GY#																						
%GJ%1	50	0.1677
%GJ%2	100	0.2683
%GJ%3	200	0.4248
%GJ%4	400	0.5925
#KF#试验方法																6.6	82	93.2		6.8	0.008		0.015		0.026			0.055	6.8	3.25	1.08
#ZJ#快剪				26.77	12.6		
#QY#4	12.7	0.20		1.99	2.71	25.2	28.5	19.1																			
#SX# 					
#GJ#常规	20						0.17	10.03									0.705	0.673	0.659	0.642		0.622																			
#GY#																						
%GJ%1	50	0.3754
%GJ%2	100	0.5396
%GJ%3	200	0.7390
%GJ%4	400	0.9736
#KF#试验方法																15.1	74.5	93.7		6.3	0.009		0.016		0.03			0.066	6.3	3.33	0.95
#ZJ#快剪				25.70	13.5		
#QY#5	17.1	0.20		1.95	2.71	25.0	28.1	18.6																			
#SX# 					
#GJ#常规	20						0.17	10.22									0.737	0.720	0.707	0.690		0.670																			
#GY#																						
%GJ%1	50	0.1957
%GJ%2	100	0.3454
%GJ%3	200	0.5412
%GJ%4	400	0.7714
#KF#试验方法																9.9	76.9	91		9.0	0.006		0.015		0.027			0.061	9.0	4.50	1.39
#ZJ#快剪				27.17	12.1		
#QY#6	22.7	0.20		1.76	2.74	45.6	40.2	21.5																			
#SX# 					
#GJ#常规	20						0.90	2.52									1.267	1.174	1.122	1.032		0.909																			
#GY#																						
%GJ%1	50	0.8205
%GJ%2	100	1.2792
%GJ%3	200	2.0732
%GJ%4	400	3.1584
#KF#试验方法																															
#ZJ#快剪				9.09	12.8		
#QY#7	28.7	0.20		1.80	2.73	37.8	36.8	20.4																			
#SX# 					
#GJ#常规	20						0.74	2.82									1.090	1.002	0.951	0.877		0.790																			
#GY#																						
%GJ%1	50	0.8421
%GJ%2	100	1.3301
%GJ%3	200	2.0383
%GJ%4	400	2.8708
#KF#试验方法																															
#ZJ#快剪				10.76	15.3		
#QY#8	34.7	0.20		1.87	2.72	30.3	31.5	18.5																			
#SX# 					
#GJ#常规	20						0.51	3.72									0.895	0.843	0.806	0.755		0.688																			
#GY#																						
%GJ%1	50	0.5488
%GJ%2	100	0.9393
%GJ%3	200	1.4776
%GJ%4	400	2.1847
#KF#试验方法																															
#ZJ#快剪				14.04	24.5		
#QY#9	38.1	0.20		1.97	2.73	28.7	36.3	20.3																			
#SX# 					
#GJ#常规	20						0.19	9.39									0.784	0.767	0.754	0.735		0.705																			
#GY#																						
%GJ%1	50	0.1906
%GJ%2	100	0.3363
%GJ%3	200	0.5493
%GJ%4	400	0.8857
#KF#试验方法																															
#ZJ#快剪				16.19	49.7		
#QY#10	59.7	0.20		1.93	2.72	28.3	32.7	20.1																			
#SX# 					
#GJ#常规	20						0.34	5.32									0.808	0.767	0.748	0.714		0.673																			
#GY#0.13	13.91			0.08	23.71	0.05	37.57											0.621			0.560	0.483
%GJ%1	50	0.4535
%GJ%2	100	0.6637
%GJ%3	200	1.0398
%GJ%4	400	1.4934
%GJ%5	800	2.0686
%GJ%6	1600	2.7434
%GJ%7	3200	3.5951
#KF#试验方法																															
#ZJ#快剪				15.66	33.6		
#QY#11	63.7	0.20		2.00	2.72	26.0	29.9	18.2																			
#SX# 					
#GJ#常规	20						0.28	6.12									0.714	0.672	0.651	0.623		0.589																			
#GY#0.10	17.14			0.06	29.17	0.04	44.96											0.549			0.502	0.441
%GJ%1	50	0.4901
%GJ%2	100	0.7351
%GJ%3	200	1.0618
%GJ%4	400	1.4586
%GJ%5	800	1.9253
%GJ%6	1600	2.4737
%GJ%7	3200	3.1855
#KF#试验方法																															
#ZJ#快剪				17.26	41.5		
#QY#12	69.7	0.20		1.99	2.72	25.1	29.7	18.4																			
#SX# 					
#GJ#常规	20						0.22	7.77									0.710	0.673	0.654	0.632		0.602																			
#GY#0.10	18.00			0.06	26.31	0.04	46.37											0.564			0.512	0.453
%GJ%1	50	0.4327
%GJ%2	100	0.6550
%GJ%3	200	0.9123
%GJ%4	400	1.2632
%GJ%5	800	1.7076
%GJ%6	1600	2.3158
%GJ%7	3200	3.0058
#KF#试验方法																															
#ZJ#快剪				19.85	41.7		
#QY#R1	43.7	0.20	1		2.67																						
#SX# 					
#GJ#常规	20																																								
#GY#																						
#KF#试验方法									9.5		10.8	31.1		31.3	31.3	17.3		17.3			0.012		0.121		0.322			3.089		26.45	3.73
#ZJ#快剪							
#QY#R2	51.7	0.20	1		2.69																						
#SX# 					
#GJ#常规	20																																								
#GY#																						
#KF#试验方法												1.3		69.4	69.4	29.3		29.3			0.004		0.076		0.126			0.234		29.03	10.43
#ZJ#快剪							
#QY#R3	61.7	0.20	1		2.67																						
#SX# 					
#GJ#常规	20																																								
#GY#																						
#KF#试验方法									3.7		14	38.8		24.4	24.4	19.1		19.1			0.010		0.127		0.335			1.741		35.08	5.02
#ZJ#快剪							
#QY#R4	67.7	0.20	1		2.67																						
#SX# 					
#GJ#常规	20																																								
#GY#																						
#KF#试验方法									5.5		13.6	38.7		24.4	24.4	17.8		17.8			0.011		0.135		0.343			2.171		30.51	4.74
#ZJ#快剪							
#QY#R5	73.7	0.20	1		2.67																						
#SX# 					
#GJ#常规	20																																								
#GY#																						
#KF#试验方法									5.8		14.4	38.3		24.4	24.4	17.1		17.1			0.012		0.140		0.349			2.243		28.15	4.54
#ZJ#快剪							
#ZK#Z20					
#QY#1	2.7	0.20		1.91	2.72	29.4	32.5	18.9																			
#SX# 					
#GJ#常规	20						0.37	4.98									0.843	0.806	0.782	0.745		0.703																			
#GY#																						
%GJ%1	50	0.4015
%GJ%2	100	0.6620
%GJ%3	200	1.0635
%GJ%4	400	1.5193
#KF#试验方法																															
#ZJ#快剪				14.59	28.5		
#QY#2	4.7	0.20		1.81	2.73	37.8	35.2	20.0																			
#SX# 					
#GJ#常规	20						0.74	2.81									1.078	0.997	0.951	0.877		0.831																			
#GY#																						
%GJ%1	50	0.7796
%GJ%2	100	1.2223
%GJ%3	200	1.9346
%GJ%4	400	2.3773
#KF#试验方法																															
#ZJ#快剪				10.68	14.9		
#QY#3	12.7	0.20		1.93	2.71	25.9	28.0	18.6																			
#SX# 					
#GJ#常规	20						0.16	11.05									0.768	0.751	0.742	0.726		0.708																			
#GY#																						
%GJ%1	50	0.1923
%GJ%2	100	0.2941
%GJ%3	200	0.4751
%GJ%4	400	0.6787
#KF#试验方法														17.2	17.2	14.9	55.7	75.6		7.2	0.008		0.017		0.04			0.175	7.2	5.00	0.90
#ZJ#快剪				27.66	13.3		
#QY#4	24.7	0.20		1.82	2.73	36.7	34.2	19.6																			
#SX# 					
#GJ#常规	20						0.61	3.36									1.051	0.966	0.919	0.858		0.775																			
#GY#																						
%GJ%1	50	0.8289
%GJ%2	100	1.2872
%GJ%3	200	1.8820
%GJ%4	400	2.6914
#KF#试验方法																															
#ZJ#快剪				11.60	15.2		
#QY#5	34.7	0.20		1.83	2.73	36.9	35.0	19.9																			
#SX# 					
#GJ#常规	20						0.57	3.58									1.042	0.982	0.943	0.886		0.827																			
#GY#																						
%GJ%1	50	0.5877
%GJ%2	100	0.9696
%GJ%3	200	1.5279
%GJ%4	400	2.1058
#KF#试验方法																															
#ZJ#快剪				12.20	16.4		
#QY#6	38.7	0.20		1.99	2.72	24.9	29.6	18.4																			
#SX# 					
#GJ#常规	20						0.18	9.48									0.707	0.678	0.663	0.645		0.623																			
#GY#																						
%GJ%1	50	0.3398
%GJ%2	100	0.5155
%GJ%3	200	0.7264
%GJ%4	400	0.9842
#KF#试验方法																															
#ZJ#快剪				20.30	47.2		
#QY#7	58.7	0.20		1.94	2.72	26.6	30.7	19.2																			
#SX# 					
#GJ#常规	20						0.18	9.86									0.775	0.753	0.742	0.724		0.700																			
#GY#0.08	22.90			0.04	40.57													0.669			0.634	
%GJ%1	50	0.2479
%GJ%2	100	0.3718
%GJ%3	200	0.5746
%GJ%4	400	0.8451
%GJ%5	800	1.1944
%GJ%6	1600	1.5887
#KF#试验方法																															
#ZJ#快剪				18.61	41.6		
#QY#8	64.7	0.20		1.96	2.72	26.2	29.9	18.3																			
#SX# 					
#GJ#常规	20						0.29	6.04									0.751	0.722	0.699	0.670		0.634																			
#GY#0.11	15.92			0.06	28.02													0.590			0.540	
%GJ%1	50	0.3312
%GJ%2	100	0.5939
%GJ%3	200	0.9252
%GJ%4	400	1.3364
%GJ%5	800	1.8389
%GJ%6	1600	2.4101
#KF#试验方法																															
#ZJ#快剪				19.16	39.5		
#QY#R1	42.7	0.20	1		2.71	25.3	30.1	21.0																			
#SX# 					
#GJ#常规	20																																								
#GY#																						
#KF#试验方法																															
#ZJ#快剪							
#QY#R2	52.7	0.20	1		2.71	24.3	29.8	20.3																			
#SX# 					
#GJ#常规	20																																								
#GY#																						
#KF#试验方法																															
#ZJ#快剪							
#QY#R3	62.7	0.20	1		2.69																						
#SX# 					
#GJ#常规	20																																								
#GY#																						
#KF#试验方法											5.8	13.4		65.2	65.2	15.6		15.6			0.016		0.097		0.170			0.616		10.63	3.46
#ZJ#快剪							
#QY#R4	72.7	0.20	1		2.69																						
#SX# 					
#GJ#常规	20																																								
#GY#																						
#KF#试验方法											5.2	15		64	64	15.8		15.8			0.015		0.097		0.171			0.520		11.13	3.56
#ZJ#快剪							
#ZK#Z65					
#QY#1	.75	0.20		1.84	2.73	36.9	34.3	19.6																			
#SX# 					
#GJ#常规	20						0.57	3.56									1.031	0.971	0.934	0.877		0.809																			
#GY#																						
%GJ%1	50	0.5908
%GJ%2	100	0.9552
%GJ%3	200	1.5165
%GJ%4	400	2.1861
#KF#试验方法																															
#ZJ#快剪				12.57	15.5		
#QY#2	2.75	0.20		1.87	2.72	32.3	34.8	21.5																			
#SX# 					
#GJ#常规	20						0.53	3.63									0.924	0.867	0.830	0.777		0.719																			
#GY#																						
%GJ%1	50	0.5925
%GJ%2	100	0.9771
%GJ%3	200	1.5281
%GJ%4	400	2.1310
#KF#试验方法																															
#ZJ#快剪				14.11	21.9		
#QY#3	8.75	0.20		1.90	2.71	29.1	31.4	22.0																			
#SX# 					
#GJ#常规	20						0.15	12.28									0.841	0.822	0.811	0.796		0.778																			
#GY#																						
%GJ%1	50	0.2064
%GJ%2	100	0.3259
%GJ%3	200	0.4889
%GJ%4	400	0.6844
#KF#试验方法																															
#ZJ#快剪				26.54	12.3		
#QY#4	26.75	0.20		1.78	2.74	42.0	38.3	21.0																			
#SX# 					
#GJ#常规	20						0.77	2.84									1.186	1.086	1.015	0.938		0.830																			
#GY#																						
%GJ%1	50	0.9149
%GJ%2	100	1.5645
%GJ%3	200	2.2690
%GJ%4	400	3.2571
#KF#试验方法																															
#ZJ#快剪				10.20	13.6		
#QY#5	34.75	0.20		1.82	2.73	32.3	35.1	19.9																			
#SX# 					
#GJ#常规	20						0.42	4.73									0.985	0.933	0.902	0.860		0.805																			
#GY#																						
%GJ%1	50	0.5239
%GJ%2	100	0.8363
%GJ%3	200	1.2594
%GJ%4	400	1.8136
#KF#试验方法																															
#ZJ#快剪				13.62	27.5		
#QY#6	42.75	0.20		1.96	2.71	26.9	28.7	20.2																			
#SX# 					
#GJ#常规	20						0.14	12.53									0.755	0.738	0.728	0.714		0.695																			
#GY#																						
%GJ%1	50	0.1937
%GJ%2	100	0.3077
%GJ%3	200	0.4672
%GJ%4	400	0.6838
#KF#试验方法																															
#ZJ#快剪				27.48	13.5		
#QY#7	58.75	0.20		1.99	2.72	22.7	27.6	16.3																			
#SX# 					
#GJ#常规	20						0.16	10.48									0.677	0.660	0.649	0.633		0.616																			
#GY#0.06	30.49			0.03	58.33													0.594			0.571	
%GJ%1	50	0.2027
%GJ%2	100	0.3339
%GJ%3	200	0.5247
%GJ%4	400	0.7275
%GJ%5	800	0.9899
%GJ%6	1600	1.2642
#KF#试验方法																															
#ZJ#快剪				20.11	48.5		
#QY#8	72.75	0.20		1.88	2.74	35.2	38.6	21.1																			
#SX# 					
#GJ#常规	20						0.34	5.80									0.970	0.936	0.912	0.878		0.838																			
#GY#0.12	16.42			0.07	28.65													0.790			0.735	
%GJ%1	50	0.3452
%GJ%2	100	0.5888
%GJ%3	200	0.9340
%GJ%4	400	1.3401
%GJ%5	800	1.8274
%GJ%6	1600	2.3858
#KF#试验方法																															
#ZJ#快剪				14.53	31.5		
#QY#R1	50.75	0.20	1		2.69																						
#SX# 					
#GJ#常规	20																																								
#GY#																						
#KF#试验方法												6.8		62.2	62.2	31		31			0.004		0.066		0.130			0.299		32.29	8.21
#ZJ#快剪							
#QY#R2	64.75	0.20	1		2.69																						
#SX# 					
#GJ#常规	20																																								
#GY#																						
#KF#试验方法											4.6	15.5		61.9	61.9	18		18			0.011		0.094		0.169			0.492		15.26	4.70
#ZJ#快剪							
#ZK#Z17					
#QY#1	3.7	0.20		1.87	2.72	29.7	32.0	18.7																			
#SX# 					
#GJ#常规	20						0.40	4.72									0.887	0.846	0.814	0.774		0.729																			
#GY#																						
%GJ%1	50	0.4346
%GJ%2	100	0.7737
%GJ%3	200	1.1977
%GJ%4	400	1.6746
#KF#试验方法																															
#ZJ#快剪				14.53	27.4		
#QY#2	5.1	0.20		1.83	2.72	35.2	33.9	20.0																			
#SX# 					
#GJ#常规	20						0.62	3.24									1.010	0.934	0.892	0.830		0.765																			
#GY#																						
%GJ%1	50	0.7562
%GJ%2	100	1.1741
%GJ%3	200	1.7910
%GJ%4	400	2.4378
#KF#试验方法																															
#ZJ#快剪				13.59	15.3		
#QY#3	11.1	0.20		1.96	2.71	28.9	30.3	21.0																			
#SX# 					
#GJ#常规	20						0.12	14.85									0.782	0.769	0.760	0.748		0.732																			
#GY#																						
%GJ%1	50	0.1459
%GJ%2	100	0.2469
%GJ%3	200	0.3816
%GJ%4	400	0.5612
#KF#试验方法														9.2	9.2	6.8	72.3	82.9		7.9	0.008		0.016		0.03			0.128	7.9	3.75	1.07
#ZJ#快剪				26.32	13.4		
#QY#4	26.1	0.20		1.79	2.74	39.0	38.7	21.1																			
#SX# 					
#GJ#常规	20						0.57	3.73									1.128	1.055	1.014	0.957		0.885																			
#GY#																						
%GJ%1	50	0.6861
%GJ%2	100	1.0714
%GJ%3	200	1.6071
%GJ%4	400	2.2838
#KF#试验方法																															
#ZJ#快剪				10.48	12.9		
#QY#5	34.1	0.20		1.75	2.76	44.8	42.3	22.0																			
#SX# 					
#GJ#常规	20						0.88	2.60									1.284	1.204	1.154	1.066		1.009																			
#GY#																						
%GJ%1	50	0.7005
%GJ%2	100	1.1384
%GJ%3	200	1.9089
%GJ%4	400	2.4081
#KF#试验方法																															
#ZJ#快剪				9.20	12.4		
#QY#6	41.1	0.20		2.08	2.72	20.4	31.5	18.5																			
#SX# 					
#GJ#常规	20						0.17	9.26									0.574	0.556	0.542	0.525		0.499																			
#GY#																						
%GJ%1	50	0.2287
%GJ%2	100	0.4066
%GJ%3	200	0.6226
%GJ%4	400	0.9530
#KF#试验方法																															
#ZJ#快剪				27.22	57.8		
#QY#7	63.1	0.20		1.91	2.72	30.8	33.4	21.7																			
#SX# 					
#GJ#常规	20						0.32	5.82									0.863	0.824	0.801	0.769		0.729																			
#GY#0.13	14.06			0.08	22.58													0.676			0.610	
%GJ%1	50	0.4187
%GJ%2	100	0.6656
%GJ%3	200	1.0091
%GJ%4	400	1.4385
%GJ%5	800	2.0075
%GJ%6	1600	2.7160
#KF#试验方法																															
#ZJ#快剪				16.70	34.6		
#QY#8	72.7	0.20		1.99	2.72	25.7	29.8	18.2																			
#SX# 					
#GJ#常规	20						0.23	7.47									0.718	0.699	0.682	0.659		0.630																			
#GY#0.09	19.63			0.05	32.72													0.595			0.553	
%GJ%1	50	0.2212
%GJ%2	100	0.4191
%GJ%3	200	0.6868
%GJ%4	400	1.0244
%GJ%5	800	1.4319
%GJ%6	1600	1.9208
#KF#试验方法																															
#ZJ#快剪				19.25	45.1		
#QY#R1	44.7	0.20	1		2.71	24.3	28.8	19.5																			
#SX# 					
#GJ#常规	20																																								
#GY#																						
#KF#试验方法																															
#ZJ#快剪							
#QY#R2	54.7	0.20	1		2.71	23.9	27.8	18.6																			
#SX# 					
#GJ#常规	20																																								
#GY#																						
#KF#试验方法																															
#ZJ#快剪							
#QY#R3	70.7	0.20	1		2.67																						
#SX# 					
#GJ#常规	20																																								
#GY#																						
#KF#试验方法									17.1		22.2	38		15.6	15.6	7.1		7.1			0.093		0.286		0.494			3.821		5.32	1.78
#ZJ#快剪							
#QY#R4	74.7	0.20	1		2.67																						
#SX# 					
#GJ#常规	20																																								
#GY#																						
#KF#试验方法									14.9		24	34.9		18	18	8.2		8.2			0.084		0.270		0.490			3.684		5.80	1.76
#ZJ#快剪							
#ZK#Z95					
#QY#1	1.1	0.20		1.94	2.72	28.0	31.6	18.5																			
#SX# 					
#GJ#常规	20						0.40	4.49									0.795	0.755	0.725	0.685		0.642																			
#GY#																						
%GJ%1	50	0.4457
%GJ%2	100	0.7799
%GJ%3	200	1.2256
%GJ%4	400	1.7047
#KF#试验方法																															
#ZJ#快剪				15.27	33.6		
#QY#2	2.7	0.20		1.90	2.72	30.5	32.5	20.8																			
#SX# 					
#GJ#常规	20						0.39	4.79									0.868	0.827	0.796	0.757		0.710																			
#GY#																						
%GJ%1	50	0.4390
%GJ%2	100	0.7709
%GJ%3	200	1.1884
%GJ%4	400	1.6916
#KF#试验方法																															
#ZJ#快剪				16.20	32.6		
#QY#3	4.1	0.20		1.96	2.71	25.2	27.2	18.0																			
#SX# 					
#GJ#常规	20						0.11	15.74									0.731	0.718	0.709	0.698		0.683																			
#GY#																						
%GJ%1	50	0.1502
%GJ%2	100	0.2542
%GJ%3	200	0.3813
%GJ%4	400	0.5546
#KF#试验方法														17.1	17.1	7.8	63	74.4		8.5	0.007		0.016		0.034			0.175	8.5	4.86	1.08
#ZJ#快剪				27.15	12.6		
#QY#4	9.7	0.20		1.92	2.71	26.2	28.4	19.3																			
#SX# 					
#GJ#常规	20						0.24	7.42									0.781	0.763	0.746	0.722		0.694																			
#GY#																						
%GJ%1	50	0.2021
%GJ%2	100	0.3930
%GJ%3	200	0.6625
%GJ%4	400	0.9770
#KF#试验方法																															
#ZJ#快剪				27.69	13.6		
#QY#5	15.7	0.20		1.88	2.71	28.1	30.1	20.5																			
#SX# 					
#GJ#常规	20						0.20	9.23									0.847	0.826	0.811	0.791		0.769																			
#GY#																						
%GJ%1	50	0.2274
%GJ%2	100	0.3898
%GJ%3	200	0.6064
%GJ%4	400	0.8446
#KF#试验方法																															
#ZJ#快剪				26.58	12.3		
#QY#6	21.7	0.20		1.83	2.73	37.8	37.0	20.5																			
#SX# 					
#GJ#常规	20						0.82	2.51									1.056	0.965	0.910	0.828		0.719																			
#GY#																						
%GJ%1	50	0.8852
%GJ%2	100	1.4202
%GJ%3	200	2.2179
%GJ%4	400	3.2782
#KF#试验方法																															
#ZJ#快剪				12.80	15.2		
#QY#7	27.7	0.20		1.75	2.73	41.2	37.6	20.8																			
#SX# 					
#GJ#常规	20						0.77	2.86									1.203	1.132	1.086	1.009		0.940																			
#GY#																						
%GJ%1	50	0.6446
%GJ%2	100	1.0622
%GJ%3	200	1.7612
%GJ%4	400	2.3877
#KF#试验方法																															
#ZJ#快剪				12.45	13.7		
#QY#8	33.7	0.20		1.81	2.73	37.1	34.3	19.6																			
#SX# 					
#GJ#常规	20						0.65	3.18									1.068	0.993	0.942	0.877		0.805																			
#GY#																						
%GJ%1	50	0.7253
%GJ%2	100	1.2186
%GJ%3	200	1.8472
%GJ%4	400	2.5435
#KF#试验方法																															
#ZJ#快剪				12.72	14.9		
#QY#9	39.7	0.20		1.95	2.71	23.7	26.5	17.2																			
#SX# 					
#GJ#常规	20						0.20	8.60									0.719	0.704	0.691	0.671		0.646																			
#GY#																						
%GJ%1	50	0.1745
%GJ%2	100	0.3258
%GJ%3	200	0.5585
%GJ%4	400	0.8493
#KF#试验方法																															
#ZJ#快剪				27.52	12.3		
#QY#10	40.7	0.20		1.97	2.72	25.4	31.6	18.5																			
#SX# 					
#GJ#常规	20						0.18	9.62									0.731	0.700	0.685	0.667		0.643																			
#GY#																						
%GJ%1	50	0.3582
%GJ%2	100	0.5315
%GJ%3	200	0.7395
%GJ%4	400	1.0168
#KF#试验方法																															
#ZJ#快剪				15.89	40.9		
#QY#11	48.7	0.20		2.02	2.69																						
#SX# 					
#GJ#常规	20																0.332																								
#GY#																						
#KF#试验方法												3.4		53.1	53.1	43.5		43.5			0.003		0.020		0.108			0.241		39.94	1.32
#ZJ#快剪							
#QY#12	54.7	0.20		1.99	2.71	21.3	24.6	15.2																			
#SX# 					
#GJ#常规	20						0.15	11.01									0.652	0.634	0.623	0.608		0.590																			
#GY#0.05	36.71			0.04	45.57													0.572			0.543	
%GJ%1	50	0.2179
%GJ%2	100	0.3511
%GJ%3	200	0.5327
%GJ%4	400	0.7506
%GJ%5	800	0.9685
%GJ%6	1600	1.3196
#KF#试验方法												3.8		41.3	41.3	54.9		54.9			0.002		0.011		0.086			0.241		39.35	0.59
#ZJ#快剪				29.09	12.5		
#QY#13	68.7	0.20		1.96	2.72	23.4	28.5	17.1																			
#SX# 					
#GJ#常规	20						0.25	6.85									0.712	0.675	0.653	0.628		0.592																			
#GY#0.11	15.93			0.07	24.03													0.549			0.492	
%GJ%1	50	0.4322
%GJ%2	100	0.6893
%GJ%3	200	0.9813
%GJ%4	400	1.4019
%GJ%5	800	1.9042
%GJ%6	1600	2.5701
#KF#试验方法																															
#ZJ#快剪				27.16	11.6		
#ZK#Z3					
#QY#1	1.1	0.20		1.88	2.72	32.4	34.9	21.2																			
#SX# 					
#GJ#常规	20						0.50	3.83									0.916	0.853	0.813	0.763		0.699																			
#GY#																						
%GJ%1	50	0.6576
%GJ%2	100	1.0752
%GJ%3	200	1.5971
%GJ%4	400	2.2651
#KF#试验方法																															
#ZJ#快剪				13.01	23.6		
#QY#2	3.5	0.20		1.85	2.72	33.3	32.8	19.0																			
#SX# 					
#GJ#常规	20						0.40	4.90									0.960	0.899	0.866	0.826		0.781																			
#GY#																						
%GJ%1	50	0.6224
%GJ%2	100	0.9592
%GJ%3	200	1.3673
%GJ%4	400	1.8265
#KF#试验方法																															
#ZJ#快剪				14.11	19.5		
#QY#3	8.7	0.20			2.71	29.1	31.1	22.0																			
#SX# 					
#GJ#常规	20																																								
#GY#																						
#KF#试验方法																															
#ZJ#快剪							
#QY#4	23.1	0.20		1.79	2.73	36.7	34.5	19.7																			
#SX# 					
#GJ#常规	20						0.64	3.26									1.085	1.026	0.988	0.924		0.867																			
#GY#																						
%GJ%1	50	0.5659
%GJ%2	100	0.9305
%GJ%3	200	1.5444
%GJ%4	400	2.0911
#KF#试验方法																															
#ZJ#快剪				13.32	16.4		
#QY#5	35.1	0.20		1.81	2.73	38.0	36.3	20.3																			
#SX# 					
#GJ#常规	20						0.72	2.89									1.081	1.000	0.946	0.874		0.798																			
#GY#																						
%GJ%1	50	0.7785
%GJ%2	100	1.2975
%GJ%3	200	1.9894
%GJ%4	400	2.7198
#KF#试验方法																															
#ZJ#快剪				12.11	15.6		
#QY#6	39.1	0.20		1.90	2.73	27.7	37.2	20.5																			
#SX# 					
#GJ#常规	20						0.24	7.65									0.835	0.803	0.785	0.761		0.730																			
#GY#																						
%GJ%1	50	0.3488
%GJ%2	100	0.5450
%GJ%3	200	0.8065
%GJ%4	400	1.1444
#KF#试验方法																															
#ZJ#快剪				19.66	53.3		
#QY#7	59.1	0.20		1.98	2.72	27.4	32.3	19.7																			
#SX# 					
#GJ#常规	20						0.18	9.72									0.750	0.722	0.706	0.688		0.665																			
#GY#0.10	18.42			0.06	31.11													0.627			0.582	
%GJ%1	50	0.3200
%GJ%2	100	0.5029
%GJ%3	200	0.7086
%GJ%4	400	0.9714
%GJ%5	800	1.4057
%GJ%6	1600	1.9200
#KF#试验方法																															
#ZJ#快剪				18.62	43.5		
#QY#8	69.1	0.20		2.08	2.72	21.0	26.4	15.4																			
#SX# 					
#GJ#常规	20						0.16	9.89									0.582	0.566	0.558	0.542		0.522																			
#GY#0.06	26.37			0.04	43.64													0.498			0.469	
%GJ%1	50	0.2023
%GJ%2	100	0.3034
%GJ%3	200	0.5057
%GJ%4	400	0.7585
%GJ%5	800	1.0619
%GJ%6	1600	1.4286
#KF#试验方法																															
#ZJ#快剪				20.72	45.6		
#QY#R1	42.7	0.20	1		2.71	24.3	28.9	19.5																			
#SX# 					
#GJ#常规	20																																								
#GY#																						
#KF#试验方法																															
#ZJ#快剪							
#QY#R2	50.7	0.20	1		2.71	22.9	27.8	18.2																			
#SX# 					
#GJ#常规	20																																								
#GY#																						
#KF#试验方法																															
#ZJ#快剪							
#QY#R3	66.7	0.20	1		2.67																						
#SX# 					
#GJ#常规	20																																								
#GY#																						
#KF#试验方法									6.7		28.2	23.8		26.3	26.3	15		15			0.018		0.148		0.432			2.547		24.30	2.86
#ZJ#快剪							
#QY#R4	74.7	0.20	1		2.67																						
#SX# 					
#GJ#常规	20																																								
#GY#																						
#KF#试验方法									6.8		28.8	23.1		26.7	26.7	14.6		14.6			0.019		0.149		0.439			2.578		22.70	2.63
#ZJ#快剪							
#ZK#Z14					
#QY#1	1.1	0.20		1.93	2.72	27.5	33.1	19.3																			
#SX# 					
#GJ#常规	20						0.28	6.42									0.797	0.768	0.748	0.720		0.686																			
#GY#																						
%GJ%1	50	0.3228
%GJ%2	100	0.5454
%GJ%3	200	0.8570
%GJ%4	400	1.2354
#KF#试验方法																															
#ZJ#快剪				15.70	34.6		
#QY#2	3.1	0.20		1.89	2.71	33.5	34.9	24.9																			
#SX# 					
#GJ#常规	20						0.13	14.72									0.914	0.891	0.880	0.867		0.849																			
#GY#																						
%GJ%1	50	0.2403
%GJ%2	100	0.3553
%GJ%3	200	0.4911
%GJ%4	400	0.6792
#KF#试验方法																															
#ZJ#快剪				27.70	12.9		
#QY#3	11.1	0.20		1.97	2.71	27.7	29.5	19.9																			
#SX# 					
#GJ#常规	20						0.15	11.71									0.757	0.737	0.726	0.711		0.693																			
#GY#																						
%GJ%1	50	0.2277
%GJ%2	100	0.3529
%GJ%3	200	0.5236
%GJ%4	400	0.7285
#KF#试验方法																															
#ZJ#快剪				26.69	13.4		
#QY#4	23.1	0.20		1.83	2.73	33.3	34.6	19.8																			
#SX# 					
#GJ#常规	20						0.61	3.26									0.989	0.908	0.862	0.801		0.710																			
#GY#																						
%GJ%1	50	0.8145
%GJ%2	100	1.2770
%GJ%3	200	1.8904
%GJ%4	400	2.8054
#KF#试验方法																															
#ZJ#快剪				13.01	22.8		
#QY#5	33.1	0.20		1.79	2.76	44.3	44.3	22.3																			
#SX# 					
#GJ#常规	20						0.59	3.77									1.225	1.162	1.125	1.066		0.997																			
#GY#																						
%GJ%1	50	0.5663
%GJ%2	100	0.8989
%GJ%3	200	1.4292
%GJ%4	400	2.0494
#KF#试验方法																															
#ZJ#快剪				11.71	17.5		
#QY#6	38.7	0.20		1.94	2.73	28.9	36.5	20.3																			
#SX# 					
#GJ#常规	20						0.13	13.95									0.814	0.795	0.784	0.771		0.753																			
#GY#																						
%GJ%1	50	0.2095
%GJ%2	100	0.3308
%GJ%3	200	0.4741
%GJ%4	400	0.6725
#KF#试验方法																															
#ZJ#快剪				23.20	49.7		
#QY#7	63.1	0.20		1.95	2.72	29.9	32.1	19.7																			
#SX# 					
#GJ#常规	20						0.34	5.33									0.812	0.768	0.747	0.713		0.671																			
#GY#0.13	14.50			0.08	22.30													0.621			0.556	
%GJ%1	50	0.4857
%GJ%2	100	0.7174
%GJ%3	200	1.0927
%GJ%4	400	1.5563
%GJ%5	800	2.1082
%GJ%6	1600	2.8256
#KF#试验方法																															
#ZJ#快剪				15.78	31.3		
#QY#R1	42.7	0.20	1		2.71	27.8	31.3	22.0																			
#SX# 					
#GJ#常规	20																																								
#GY#																						
#KF#试验方法																															
#ZJ#快剪							
#QY#R2	54.7	0.20	1		2.71	22.3	28.2	20.4																			
#SX# 					
#GJ#常规	20																																								
#GY#																						
#KF#试验方法												1.2		30	30	68.8		68.8			0.002		0.007		0.043			0.214		23.03	0.53
#ZJ#快剪							
#QY#R3	68.7	0.20	1		2.67																						
#SX# 					
#GJ#常规	20																																								
#GY#																						
#KF#试验方法									8.4		27	29.4		21.6	21.6	13.6		13.6			0.024		0.186		0.448			2.870		18.65	3.22
#ZJ#快剪							
#QY#R4	74.7	0.20	1		2.67																						
#SX# 					
#GJ#常规	20																																								
#GY#																						
#KF#试验方法									8.6		26.4	31.1		25.2	25.2	8.7		8.7			0.080		0.208		0.448			2.930		5.62	1.21
#ZJ#快剪							
#ZK#Z100					
#QY#1	1.1	0.20		1.98	2.72	25.6	29.9	18.3																			
#SX# 					
#GJ#常规	20						0.28	6.16									0.725	0.698	0.678	0.650		0.614																			
#GY#																						
%GJ%1	50	0.3130
%GJ%2	100	0.5449
%GJ%3	200	0.8696
%GJ%4	400	1.2870
#KF#试验方法																															
#ZJ#快剪				15.80	37.6		
#QY#2	2.7	0.20		1.84	2.73	37.1	35.2	20.0																			
#SX# 					
#GJ#常规	20						0.61	3.33									1.034	0.966	0.916	0.855		0.789																			
#GY#																						
%GJ%1	50	0.6686
%GJ%2	100	1.1603
%GJ%3	200	1.7601
%GJ%4	400	2.4090
#KF#试验方法																															
#ZJ#快剪				12.09	14.8		
#QY#3	6.7	0.20		1.94	2.71	28.0	30.0	21.0																			
#SX# 					
#GJ#常规	20						0.17	10.52									0.788	0.774	0.762	0.745		0.725																			
#GY#																						
%GJ%1	50	0.1566
%GJ%2	100	0.2908
%GJ%3	200	0.4810
%GJ%4	400	0.7047
#KF#试验方法																															
#ZJ#快剪				26.37	13.4		
#QY#4	16.7	0.20		2.02	2.71	22.8	28.2	20.0																			
#SX# 					
#GJ#常规	20						0.13	12.67									0.647	0.631	0.620	0.607		0.592																			
#GY#																						
%GJ%1	50	0.1943
%GJ%2	100	0.3279
%GJ%3	200	0.4857
%GJ%4	400	0.6679
#KF#试验方法														23.9	23.9	13.6	51.5	69.2		6.9	0.009		0.019		0.046			0.193	6.9	5.11	0.87
#ZJ#快剪				27.69	13.0		
#QY#5	24.7	0.20		1.77	2.74	42.3	38.5	21.1																			
#SX# 					
#GJ#常规	20						0.78	2.82									1.203	1.114	1.062	0.984		0.877																			
#GY#																						
%GJ%1	50	0.8080
%GJ%2	100	1.2801
%GJ%3	200	1.9882
%GJ%4	400	2.9596
#KF#试验方法																															
#ZJ#快剪				10.23	12.4		
#QY#6	34.7	0.20		1.81	2.73	37.3	35.0	19.9																			
#SX# 					
#GJ#常规	20						0.66	3.14									1.071	0.998	0.948	0.882		0.813																			
#GY#																						
%GJ%1	50	0.7050
%GJ%2	100	1.1878
%GJ%3	200	1.8252
%GJ%4	400	2.4915
#KF#试验方法																															
#ZJ#快剪				13.39	15.4		
#QY#7	38.7	0.20		2.06	2.72	20.1	27.6	16.3																			
#SX# 					
#GJ#常规	20						0.18	8.81									0.586	0.559	0.544	0.526		0.505																			
#GY#																						
%GJ%1	50	0.3405
%GJ%2	100	0.5296
%GJ%3	200	0.7566
%GJ%4	400	1.0214
#KF#试验方法																															
#ZJ#快剪				20.68	56.4		
#QY#8	42.7	0.20		1.97	2.71	22.8	26.5	18.8																			
#SX# 					
#GJ#常规	20						0.13	12.99									0.689	0.673	0.664	0.651		0.633																			
#GY#																						
%GJ%1	50	0.1895
%GJ%2	100	0.2960
%GJ%3	200	0.4500
%GJ%4	400	0.6631
#KF#试验方法												1.7		36.4	36.4	61.9		61.9			0.002		0.008		0.066			0.224		32.74	0.50
#ZJ#快剪				28.88	12.6		
#QY#9	52.7	0.20		2.01	2.71	21.4	24.2	17.0																			
#SX# 					
#GJ#常规	20						0.11	14.88									0.637	0.624	0.617	0.606		0.592																			
#GY#																						
%GJ%1	50	0.1588
%GJ%2	100	0.2443
%GJ%3	200	0.3787
%GJ%4	400	0.5498
#KF#试验方法												2.5		36	36	61.5		61.5			0.002		0.008		0.068			0.230		33.54	0.50
#ZJ#快剪				28.27	13.2		
#QY#10	60.7	0.20			2.69																						
#SX# 					
#GJ#常规	20																																								
#GY#																						
#KF#试验方法									10.7		23.6	7.1		36.7	36.7	21.9		21.9			0.007		0.097		0.286			3.264		40.01	4.56
#ZJ#快剪							
#QY#11	72.7	0.20		1.89	2.72	29.1	32.3	18.8																			
#SX# 					
#GJ#常规	20						0.40	4.64									0.858	0.822	0.793	0.753		0.703																			
#GY#0.17	10.77			0.09	20.09													0.634			0.560	
%GJ%1	50	0.3875
%GJ%2	100	0.6997
%GJ%3	200	1.1302
%GJ%4	400	1.6685
%GJ%5	800	2.4112
%GJ%6	1600	3.2078
#KF#试验方法																															
#ZJ#快剪				15.26	31.4		
#ZK#Z107					
#QY#1	1.6	0.30		1.94	2.72	26.9	31.5	18.5																			
#SX# 					
#GJ#常规	20						0.31	5.74									0.779	0.749	0.729	0.698		0.658																			
#GY#																						
%GJ%1	50	0.3373
%GJ%2	100	0.5621
%GJ%3	200	0.9106
%GJ%4	400	1.3603
#KF#试验方法																															
#ZJ#快剪				15.86	33.5		
#QY#2	2.6	0.30		1.88	2.72	32.0	33.3	19.4																			
#SX# 					
#GJ#常规	20						0.39	4.90									0.910	0.851	0.820	0.781		0.735																			
#GY#																						
%GJ%1	50	0.6178
%GJ%2	100	0.9424
%GJ%3	200	1.3508
%GJ%4	400	1.8325
#KF#试验方法																															
#ZJ#快剪				14.36	30.5		
#QY#3	6.7	0.20		1.92	2.71	27.2	29.1	20.0																			
#SX# 					
#GJ#常规	20						0.18	9.97									0.795	0.774	0.762	0.744		0.724																			
#GY#																						
%GJ%1	50	0.2340
%GJ%2	100	0.3677
%GJ%3	200	0.5682
%GJ%4	400	0.7911
#KF#试验方法																															
#ZJ#快剪				26.12	12.3		
#QY#4	12.7	0.20		1.94	2.71	25.7	28.0	18.6																			
#SX# 					
#GJ#常规	20						0.17	10.33									0.756	0.735	0.724	0.707		0.682																			
#GY#																						
%GJ%1	50	0.2392
%GJ%2	100	0.3645
%GJ%3	200	0.5581
%GJ%4	400	0.8428
#KF#试验方法														15.2	15.2	11.5	61.9	77.3		7.5	0.008		0.017		0.036			0.167	7.5	4.50	1.00
#ZJ#快剪				27.48	13.5		
#QY#5	18.7	0.20		1.96	2.71	25.1	27.3	17.7																			
#SX# 					
#GJ#常规	20						0.18	9.61									0.730	0.704	0.691	0.673		0.651																			
#GY#																						
%GJ%1	50	0.3006
%GJ%2	100	0.4509
%GJ%3	200	0.6590
%GJ%4	400	0.9133
#KF#试验方法														13.5	13.5	11.4	64.7	80		6.5	0.009		0.017		0.035			0.159	6.5	3.89	0.92
#ZJ#快剪				27.23	11.9		
#QY#6	22.7	0.20		1.81	2.73	38.3	36.6	20.3																			
#SX# 					
#GJ#常规	20						0.56	3.72									1.086	1.021	0.976	0.920		0.846																			
#GY#																						
%GJ%1	50	0.6232
%GJ%2	100	1.0547
%GJ%3	200	1.5916
%GJ%4	400	2.3011
#KF#试验方法																															
#ZJ#快剪				10.72	14.9		
#QY#7	28.7	0.20		1.75	2.74	44.5	39.5	21.3																			
#SX# 					
#GJ#常规	20						0.86	2.63									1.262	1.185	1.136	1.050		0.981																			
#GY#																						
%GJ%1	50	0.6808
%GJ%2	100	1.1141
%GJ%3	200	1.8744
%GJ%4	400	2.4845
#KF#试验方法																															
#ZJ#快剪				9.07	12.5		
#QY#8	34.7	0.20		1.82	2.73	36.7	35.2	20.0																			
#SX# 					
#GJ#常规	20						0.53	3.87									1.051	1.002	0.962	0.909		0.846																			
#GY#																						
%GJ%1	50	0.4778
%GJ%2	100	0.8679
%GJ%3	200	1.3847
%GJ%4	400	1.9990
#KF#试验方法																															
#ZJ#快剪				10.59	14.5		
#QY#9	44.7	0.20			2.69																						
#SX# 					
#GJ#常规	20																																								
#GY#																						
#KF#试验方法												2.2		73.5	73.5	24.3		24.3			0.006		0.082		0.133			0.239		22.60	8.54
#ZJ#快剪							
#QY#10	52.7	0.20		1.99	2.71	21.6	25.2	16.3																			
#SX# 					
#GJ#常规	20						0.11	15.05									0.656	0.643	0.636	0.625		0.613																			
#GY#																						
%GJ%1	50	0.1570
%GJ%2	100	0.2415
%GJ%3	200	0.3744
%GJ%4	400	0.5193
#KF#试验方法																															
#ZJ#快剪				27.56	12.4		
#QY#11	60.7	0.20		1.93	2.72	25.8	30.6	18.2																			
#SX# 					
#GJ#常规	20						0.24	7.39									0.773	0.742	0.724	0.700		0.667																			
#GY#																						
%GJ%1	50	0.3497
%GJ%2	100	0.5527
%GJ%3	200	0.8235
%GJ%4	400	1.1957
#KF#试验方法																															
#ZJ#快剪				16.96	43.9		
#QY#12	67.1	0.20			2.69																						
#SX# 					
#GJ#常规	20																																								
#GY#																						
#KF#试验方法									1.9		9	31.8		39.6	39.6	17.7		17.7			0.011		0.108		0.265			1.224		23.21	3.83
#ZJ#快剪							
#QY#13	72.7	0.20		1.91	2.72	27.8	33.0	19.2																			
#SX# 					
#GJ#常规	20						0.27	6.74									0.820	0.790	0.772	0.745		0.713																			
#GY#0.10	18.67			0.06	30.33													0.674			0.626	
%GJ%1	50	0.3297
%GJ%2	100	0.5275
%GJ%3	200	0.8242
%GJ%4	400	1.1758
%GJ%5	800	1.6044
%GJ%6	1600	2.1319
#KF#试验方法																															
#ZJ#快剪				16.66	39.6		
#ZK#Z11					
#QY#1	1.1	0.20		1.93	2.72	26.1	30.3	18.0																			
#SX# 					
#GJ#常规	20						0.29	6.13									0.777	0.740	0.716	0.687		0.656																			
#GY#																						
%GJ%1	50	0.4164
%GJ%2	100	0.6866
%GJ%3	200	1.0129
%GJ%4	400	1.3618
#KF#试验方法																															
#ZJ#快剪				14.17	34.5		
#QY#2	3.1	0.20		1.89	2.71	30.0	31.7	22.2																			
#SX# 					
#GJ#常规	20						0.22	8.47									0.864	0.847	0.832	0.810		0.782																			
#GY#																						
%GJ%1	50	0.1824
%GJ%2	100	0.3433
%GJ%3	200	0.5794
%GJ%4	400	0.8798
#KF#试验方法																															
#ZJ#快剪				26.59	13.4		
#QY#3	10.7	0.20		1.96	2.71	27.7	29.6	20.3																			
#SX# 					
#GJ#常规	20						0.16	11.04									0.766	0.747	0.735	0.719		0.700																			
#GY#																						
%GJ%1	50	0.2152
%GJ%2	100	0.3511
%GJ%3	200	0.5323
%GJ%4	400	0.7475
#KF#试验方法														10.5	10.5	5.6	73.1	82.3		7.2	0.009		0.016		0.03			0.14	7.2	3.33	0.95
#ZJ#快剪				27.16	12.8		
#QY#4	24.7	0.20		1.80	2.74	40.2	38.3	21.0																			
#SX# 					
#GJ#常规	20						0.81	2.63									1.134	1.060	0.991	0.910		0.818																			
#GY#																						
%GJ%1	50	0.6935
%GJ%2	100	1.3402
%GJ%3	200	2.0993
%GJ%4	400	2.9616
#KF#试验方法																															
#ZJ#快剪				10.74	12.8		
#QY#5	34.7	0.20		1.76	2.74	44.6	39.4	21.2																			
#SX# 					
#GJ#常规	20						0.83	2.71									1.251	1.179	1.135	1.052		0.977																			
#GY#																						
%GJ%1	50	0.6397
%GJ%2	100	1.0307
%GJ%3	200	1.7681
%GJ%4	400	2.4345
#KF#试验方法																															
#ZJ#快剪				9.43	13.6		
#QY#6	38.7	0.20		1.99	2.73	25.4	36.3	20.3																			
#SX# 					
#GJ#常规	20						0.22	7.82									0.720	0.694	0.678	0.656		0.630																			
#GY#																						
%GJ%1	50	0.3023
%GJ%2	100	0.4884
%GJ%3	200	0.7442
%GJ%4	400	1.0465
#KF#试验方法																															
#ZJ#快剪				20.26	53.6		
#QY#7	64.7	0.20		2.02	2.72	21.7	27.1	16.0																			
#SX# 					
#GJ#常规	20						0.22	7.45									0.639	0.609	0.593	0.571		0.548																			
#GY#0.09	18.73			0.05	31.22													0.513			0.471	
%GJ%1	50	0.3661
%GJ%2	100	0.5613
%GJ%3	200	0.8298
%GJ%4	400	1.1104
%GJ%5	800	1.5375
%GJ%6	1600	2.0500
#KF#试验方法																															
#ZJ#快剪				18.74	43.0		
#QY#8	71.1	0.20		1.94	2.72	25.0	29.5	18.2																			
#SX# 					
#GJ#常规	20						0.28	6.26									0.753	0.730	0.709	0.681		0.645																			
#GY#0.11	15.94			0.06	27.50													0.601			0.550	
%GJ%1	50	0.2624
%GJ%2	100	0.5020
%GJ%3	200	0.8214
%GJ%4	400	1.2322
%GJ%5	800	1.7342
%GJ%6	1600	2.3160
#KF#试验方法																															
#ZJ#快剪				19.74	38.6		
#QY#R1	42.7	0.20	1		2.71	26.3	31.2	22.0																			
#SX# 					
#GJ#常规	20																																								
#GY#																						
#KF#试验方法																															
#ZJ#快剪							
#QY#R2	56.7	0.20	1		2.71	27.5	33.3	24.2																			
#SX# 					
#GJ#常规	20																																								
#GY#																						
#KF#试验方法																															
#ZJ#快剪							
#QY#R3	68.7	0.20	1		2.67																						
#SX# 					
#GJ#常规	20																																								
#GY#																						
#KF#试验方法									8.3		29.8	25.9		24.7	24.7	11.3		11.3			0.046		0.186		0.476			2.888		10.29	1.58
#ZJ#快剪							
#QY#R4	73.7	0.20	1		2.69																						
#SX# 					
#GJ#常规	20																																								
#GY#																						
#KF#试验方法											6.8	16.4		61.3	61.3	15.5		15.5			0.016		0.098		0.179			0.728		11.07	3.35
#ZJ#快剪							
#ZK#Z37					
#QY#1	.75	0.20		1.83	2.73	36.4	38.6	24.4																			
#SX# 					
#GJ#常规	20						0.42	4.84									1.035	0.990	0.961	0.919		0.874																			
#GY#																						
%GJ%1	50	0.4423
%GJ%2	100	0.7273
%GJ%3	200	1.1400
%GJ%4	400	1.5823
#KF#试验方法																															
#ZJ#快剪				14.36	29.5		
#QY#2	2.25	0.20		1.88	2.72	31.8	33.5	19.5																			
#SX# 					
#GJ#常规	20						0.34	5.61									0.907	0.866	0.843	0.809		0.762																			
#GY#																						
%GJ%1	50	0.4300
%GJ%2	100	0.6712
%GJ%3	200	1.0278
%GJ%4	400	1.5207
#KF#试验方法																															
#ZJ#快剪				15.11	32.6		
#QY#3	13.75	0.20		1.99	2.71	24.5	26.8	18.2																			
#SX# 					
#GJ#常规	20						0.15	11.30									0.695	0.682	0.673	0.658		0.641																			
#GY#																						
%GJ%1	50	0.1534
%GJ%2	100	0.2596
%GJ%3	200	0.4366
%GJ%4	400	0.6372
#KF#试验方法														20.5	20.5	11.6	57.8	73.3		6.2	0.01		0.018		0.04			0.185	6.2	4.00	0.81
#ZJ#快剪				27.02	13.5		
#QY#4	25.75	0.20		1.78	2.73	41.3	37.1	20.5																			
#SX# 					
#GJ#常规	20						0.85	2.55									1.167	1.112	1.070	0.985		0.904																			
#GY#																						
%GJ%1	50	0.5076
%GJ%2	100	0.8952
%GJ%3	200	1.6797
%GJ%4	400	2.4273
#KF#试验方法																															
#ZJ#快剪				11.19	15.4		
#QY#5	37.75	0.20		2.02	2.72	23.4	30.3	18.0																			
#SX# 					
#GJ#常规	20						0.18	9.23									0.662	0.641	0.628	0.610		0.586																			
#GY#																						
%GJ%1	50	0.2527
%GJ%2	100	0.4091
%GJ%3	200	0.6258
%GJ%4	400	0.9146
#KF#试验方法																															
#ZJ#快剪				20.10	57.6		
#QY#6	43.75	0.20		1.99	2.71	22.8	25.1	17.8																			
#SX# 					
#GJ#常规	20						0.09	18.58									0.672	0.661	0.654	0.645		0.635																			
#GY#																						
%GJ%1	50	0.1316
%GJ%2	100	0.2153
%GJ%3	200	0.3230
%GJ%4	400	0.4426
#KF#试验方法																															
#ZJ#快剪				28.98	14.9		
#QY#7	59.75	0.20		2.02	2.72	23.2	27.2	16.0																			
#SX# 					
#GJ#常规	20						0.25	6.64									0.659	0.637	0.619	0.594		0.565																			
#GY#0.08	19.52			0.06	30.16													0.531			0.487	
%GJ%1	50	0.2652
%GJ%2	100	0.4822
%GJ%3	200	0.7836
%GJ%4	400	1.1332
%GJ%5	800	1.5431
%GJ%6	1600	2.0735
#KF#试验方法																															
#ZJ#快剪				17.23	41.7		
#QY#8	71.75	0.20		1.86	2.74	37.0	40.5	21.6																			
#SX# 					
#GJ#常规	20						0.59	3.42									1.018		0.922	0.863		0.795																			
#GY#0.20	9.97			0.11	19.22													0.714			0.630	
%GJ%1	100	0.9514
%GJ%2	200	1.5362
%GJ%3	400	2.2101
%GJ%4	800	3.0129
%GJ%5	1600	3.8454
#KF#试验方法																															
#ZJ#快剪				13.03	23.5		
#QY#R1	51.75	0.20	1		2.69																						
#SX# 					
#GJ#常规	20																																								
#GY#																						
#KF#试验方法												7.6		59.4	59.4	33		33			0.004		0.051		0.128			0.318		34.70	5.41
#ZJ#快剪							
#QY#R2	65.75	0.20	1		2.69																						
#SX# 					
#GJ#常规	20																																								
#GY#																						
#KF#试验方法												6		59.8	59.8	34.2		34.2			0.004		0.044		0.125			0.281		35.31	4.42
#ZJ#快剪							
#ZK#Z95					
#QY#14	74.7	0.20		1.94	2.73	30.6	35.3	20.0																			
#SX# 					
#GJ#常规	20						0.29	6.34									0.838	0.811	0.790	0.761		0.724																			
#GY#0.12	15.32			0.07	27.74													0.676			0.623	
%GJ%1	50	0.2938
%GJ%2	100	0.5223
%GJ%3	200	0.8379
%GJ%4	400	1.2405
%GJ%5	800	1.7628
%GJ%6	1600	2.3395
#KF#试验方法																															
#ZJ#快剪				16.28	39.5		
